-- phpMyAdmin SQL Dump
-- version 4.9.0.1
-- https://www.phpmyadmin.net/
--
-- Host: 127.0.0.1
-- Generation Time: Jan 08, 2020 at 10:35 AM
-- Server version: 10.3.16-MariaDB
-- PHP Version: 7.3.7

SET SQL_MODE = "NO_AUTO_VALUE_ON_ZERO";
SET AUTOCOMMIT = 0;
START TRANSACTION;
SET time_zone = "+00:00";


/*!40101 SET @OLD_CHARACTER_SET_CLIENT=@@CHARACTER_SET_CLIENT */;
/*!40101 SET @OLD_CHARACTER_SET_RESULTS=@@CHARACTER_SET_RESULTS */;
/*!40101 SET @OLD_COLLATION_CONNECTION=@@COLLATION_CONNECTION */;
/*!40101 SET NAMES utf8mb4 */;

--
-- Database: `eapi`
--

-- --------------------------------------------------------

--
-- Table structure for table `failed_jobs`
--

CREATE TABLE `failed_jobs` (
  `id` bigint(20) UNSIGNED NOT NULL,
  `connection` text COLLATE utf8mb4_unicode_ci NOT NULL,
  `queue` text COLLATE utf8mb4_unicode_ci NOT NULL,
  `payload` longtext COLLATE utf8mb4_unicode_ci NOT NULL,
  `exception` longtext COLLATE utf8mb4_unicode_ci NOT NULL,
  `failed_at` timestamp NOT NULL DEFAULT current_timestamp()
) ENGINE=InnoDB DEFAULT CHARSET=utf8mb4 COLLATE=utf8mb4_unicode_ci;

-- --------------------------------------------------------

--
-- Table structure for table `migrations`
--

CREATE TABLE `migrations` (
  `id` int(10) UNSIGNED NOT NULL,
  `migration` varchar(255) COLLATE utf8mb4_unicode_ci NOT NULL,
  `batch` int(11) NOT NULL
) ENGINE=InnoDB DEFAULT CHARSET=utf8mb4 COLLATE=utf8mb4_unicode_ci;

--
-- Dumping data for table `migrations`
--

INSERT INTO `migrations` (`id`, `migration`, `batch`) VALUES
(1, '2014_10_12_000000_create_users_table', 1),
(2, '2014_10_12_100000_create_password_resets_table', 1),
(3, '2019_08_19_000000_create_failed_jobs_table', 1),
(4, '2020_01_08_083058_create_products_table', 1),
(5, '2020_01_08_083159_create_reviews_table', 2);

-- --------------------------------------------------------

--
-- Table structure for table `password_resets`
--

CREATE TABLE `password_resets` (
  `email` varchar(255) COLLATE utf8mb4_unicode_ci NOT NULL,
  `token` varchar(255) COLLATE utf8mb4_unicode_ci NOT NULL,
  `created_at` timestamp NULL DEFAULT NULL
) ENGINE=InnoDB DEFAULT CHARSET=utf8mb4 COLLATE=utf8mb4_unicode_ci;

-- --------------------------------------------------------

--
-- Table structure for table `products`
--

CREATE TABLE `products` (
  `id` int(10) UNSIGNED NOT NULL,
  `name` varchar(255) COLLATE utf8mb4_unicode_ci NOT NULL,
  `detail` text COLLATE utf8mb4_unicode_ci NOT NULL,
  `price` int(11) NOT NULL,
  `stock` int(11) NOT NULL,
  `discount` int(11) NOT NULL,
  `created_at` timestamp NULL DEFAULT NULL,
  `updated_at` timestamp NULL DEFAULT NULL
) ENGINE=InnoDB DEFAULT CHARSET=utf8mb4 COLLATE=utf8mb4_unicode_ci;

--
-- Dumping data for table `products`
--

INSERT INTO `products` (`id`, `name`, `detail`, `price`, `stock`, `discount`, `created_at`, `updated_at`) VALUES
(1, 'tempore', 'Ut ducimus architecto temporibus quia. Nisi hic doloribus ad. Sint eos sunt voluptatum et. Dolores dolor sed in consequuntur distinctio voluptas.', 124, 8, 4, '2020-01-08 02:56:06', '2020-01-08 02:56:06'),
(2, 'voluptatem', 'Unde labore enim ducimus dolore voluptatem rerum. Modi voluptates eos rerum et fugit et. Alias sint ratione perferendis possimus quo earum quo nihil. Vero voluptatem illum molestiae et molestiae ullam illum aliquam.', 103, 9, 26, '2020-01-08 02:56:07', '2020-01-08 02:56:07'),
(3, 'voluptas', 'Eius eveniet vel dolorem perferendis aut qui est iusto. Aspernatur aut eos dolores sunt tenetur. Expedita voluptas sed accusamus soluta.', 484, 8, 6, '2020-01-08 02:56:07', '2020-01-08 02:56:07'),
(4, 'reprehenderit', 'Eos quo deleniti ea delectus nobis ducimus. Pariatur quia voluptas ea aspernatur. Enim veritatis incidunt repellendus distinctio. Corrupti natus non natus distinctio. Omnis veritatis quia animi.', 588, 9, 2, '2020-01-08 02:56:07', '2020-01-08 02:56:07'),
(5, 'non', 'Est omnis expedita laborum quas necessitatibus. Ipsam non est eveniet sit tenetur quisquam. Hic modi ratione exercitationem optio consequuntur aliquid. Eum adipisci qui rem.', 506, 2, 7, '2020-01-08 02:56:07', '2020-01-08 02:56:07'),
(6, 'sint', 'Quia qui non a. Error laborum et adipisci molestias. Quisquam magni voluptatem aut. Dicta ab ipsa nihil. Esse quibusdam alias ut pariatur ut ea minus.', 809, 6, 13, '2020-01-08 02:56:07', '2020-01-08 02:56:07'),
(7, 'illum', 'Sit voluptas nulla laudantium est necessitatibus. Quia nemo quasi qui dolor minima non. Blanditiis rerum fuga sapiente suscipit quo voluptatum beatae. Laboriosam harum harum cumque sint ea.', 535, 7, 7, '2020-01-08 02:56:07', '2020-01-08 02:56:07'),
(8, 'soluta', 'Sed officiis est expedita repudiandae. Labore illo dolorum quia. In hic illo sunt voluptatem impedit cupiditate.', 425, 5, 11, '2020-01-08 02:56:07', '2020-01-08 02:56:07'),
(9, 'dignissimos', 'Exercitationem consequatur fugit quos animi praesentium omnis deleniti. Adipisci ad repellat ut maxime natus. Tenetur error aut harum reiciendis maxime qui id. Aliquid assumenda quo ut nostrum aut totam.', 656, 6, 26, '2020-01-08 02:56:07', '2020-01-08 02:56:07'),
(10, 'suscipit', 'Fugit et voluptatum praesentium alias vel sunt sapiente officiis. Assumenda nisi aperiam ea consequuntur. Iste quod nisi nam.', 941, 7, 25, '2020-01-08 02:56:07', '2020-01-08 02:56:07'),
(11, 'et', 'Aperiam beatae impedit itaque aut ut odio alias. Nobis a deleniti ipsum labore ea. Perferendis animi tempora nisi.', 804, 8, 3, '2020-01-08 02:56:07', '2020-01-08 02:56:07'),
(12, 'molestiae', 'Voluptates repellendus eum laudantium numquam ut. Occaecati quia architecto perspiciatis voluptatem est. Consequatur soluta autem ut enim adipisci.', 628, 8, 4, '2020-01-08 02:56:07', '2020-01-08 02:56:07'),
(13, 'culpa', 'Quibusdam voluptatem vero itaque eveniet ipsa voluptatem. Saepe ut est sint dolorem. Magni eos repellendus expedita et vitae rerum eum. Sed numquam nostrum unde nihil. Ducimus non consequatur quae deserunt velit.', 345, 6, 26, '2020-01-08 02:56:07', '2020-01-08 02:56:07'),
(14, 'quos', 'Dignissimos cupiditate ad voluptatum unde hic fuga. Ut omnis voluptatibus eveniet nesciunt velit sed nostrum illum. Molestias eaque nemo vero.', 939, 2, 17, '2020-01-08 02:56:07', '2020-01-08 02:56:07'),
(15, 'excepturi', 'Culpa provident culpa culpa architecto molestias fuga mollitia. Ut laudantium libero impedit dicta nobis delectus minus. Magni velit modi consectetur. Placeat dolores qui laudantium nihil nam quisquam ea.', 999, 8, 30, '2020-01-08 02:56:07', '2020-01-08 02:56:07'),
(16, 'voluptate', 'Quo dignissimos ipsum eos commodi corporis ipsum. Amet quaerat soluta nihil harum aut dolores sequi. Consequatur voluptas quasi minima nesciunt.', 891, 5, 7, '2020-01-08 02:56:07', '2020-01-08 02:56:07'),
(17, 'culpa', 'Pariatur cumque enim odit nobis perspiciatis. Nisi error sed quia debitis debitis ut aut.', 367, 7, 9, '2020-01-08 02:56:07', '2020-01-08 02:56:07'),
(18, 'saepe', 'Et fugiat itaque nihil non. Repudiandae pariatur vel sunt provident molestiae sint. Eligendi et iusto voluptatem quia.', 246, 4, 12, '2020-01-08 02:56:07', '2020-01-08 02:56:07'),
(19, 'aut', 'Voluptates omnis magni culpa. Sit excepturi quibusdam autem saepe. Laudantium et est fugit consequuntur.', 338, 4, 19, '2020-01-08 02:56:07', '2020-01-08 02:56:07'),
(20, 'recusandae', 'Voluptatem vitae hic omnis accusantium ut alias explicabo. Deleniti dolores sapiente alias et similique. Ut magni velit dolore. Sunt tempora cupiditate quis.', 799, 7, 28, '2020-01-08 02:56:07', '2020-01-08 02:56:07'),
(21, 'voluptatibus', 'Provident natus quam molestiae deserunt aliquid. Non est corrupti nemo. Molestiae aut quidem cupiditate eius et qui sunt. Quae provident maiores adipisci maxime deleniti quis.', 837, 8, 8, '2020-01-08 02:56:07', '2020-01-08 02:56:07'),
(22, 'et', 'Ipsa reprehenderit voluptas ratione et est et esse. Ratione voluptatem mollitia ut cumque ipsa animi officia. Asperiores voluptate ullam autem ut. Et fuga eum omnis est vitae et enim eos. Ipsam fuga consequatur saepe consequuntur ea.', 680, 6, 22, '2020-01-08 02:56:07', '2020-01-08 02:56:07'),
(23, 'tempora', 'Veniam et accusamus quia eos temporibus. Laudantium quis ut nihil architecto dolorem ut et sit. Officia recusandae labore non unde consequatur.', 322, 4, 23, '2020-01-08 02:56:07', '2020-01-08 02:56:07'),
(24, 'quia', 'Exercitationem asperiores et at dolorem quasi. Dolores eligendi laborum et quos quia maxime deleniti. Ea id numquam in consequuntur eum deleniti quidem. Et voluptatem rerum provident nostrum deleniti non et. Minus harum numquam et.', 527, 4, 12, '2020-01-08 02:56:07', '2020-01-08 02:56:07'),
(25, 'corporis', 'Molestiae in doloremque consequatur quia eos nemo quasi omnis. Aliquid quae ex architecto et hic. Qui sed quae consequatur et. Molestiae optio maxime deleniti pariatur dolorem quidem consequatur.', 700, 0, 19, '2020-01-08 02:56:07', '2020-01-08 02:56:07'),
(26, 'eius', 'Amet incidunt et itaque numquam eum iure eligendi. Non quas non ea mollitia sit doloremque a natus. Non rem unde placeat beatae neque cum. Reprehenderit sint et non in.', 980, 5, 16, '2020-01-08 02:56:07', '2020-01-08 02:56:07'),
(27, 'est', 'Quod commodi tempora non. At optio doloremque qui totam ea est sit. Provident qui architecto vitae id debitis.', 657, 4, 29, '2020-01-08 02:56:07', '2020-01-08 02:56:07'),
(28, 'labore', 'Beatae enim nihil quod consequuntur omnis ducimus aspernatur minima. Consectetur magnam est dolor minima rerum. Iusto vel eveniet sunt omnis voluptatum voluptas.', 378, 0, 12, '2020-01-08 02:56:07', '2020-01-08 02:56:07'),
(29, 'ducimus', 'Quae fugiat repellendus labore reiciendis est. Nihil dolorem nam dicta laudantium dolorem ipsam ullam. Dolorem culpa ut molestias. Praesentium id dignissimos sint earum minima velit.', 310, 0, 12, '2020-01-08 02:56:07', '2020-01-08 02:56:07'),
(30, 'quaerat', 'Facere voluptatem nostrum et veniam officiis. Rerum excepturi qui earum reprehenderit hic tempora. Excepturi culpa et eum error temporibus. Amet esse quibusdam saepe repudiandae aut assumenda.', 787, 8, 28, '2020-01-08 02:56:07', '2020-01-08 02:56:07'),
(31, 'totam', 'Porro et dolore maiores ea aliquid. Omnis vel praesentium ut quia aspernatur ea. Ipsa expedita reprehenderit iste sapiente ullam. Quidem et sunt illo voluptatem numquam molestiae aspernatur.', 233, 2, 6, '2020-01-08 02:56:07', '2020-01-08 02:56:07'),
(32, 'ut', 'Labore tenetur quod earum laborum ad. Qui saepe ut magni. Autem totam vel deleniti ea harum ut.', 871, 0, 22, '2020-01-08 02:56:07', '2020-01-08 02:56:07'),
(33, 'quo', 'Eum blanditiis et deleniti. Numquam laboriosam qui sequi id. Optio impedit repellendus facere id facere ut.', 840, 4, 12, '2020-01-08 02:56:07', '2020-01-08 02:56:07'),
(34, 'quisquam', 'Vel dolores at sit ipsum a. Repudiandae vitae quas eius neque. Incidunt consequatur atque quia accusamus ipsam. Officiis quia ratione adipisci accusamus quia eius repellendus.', 302, 0, 30, '2020-01-08 02:56:07', '2020-01-08 02:56:07'),
(35, 'quis', 'Libero reprehenderit et libero esse ut dolores. Labore quia doloremque sint qui officiis id id. Et necessitatibus expedita beatae est consequuntur.', 919, 3, 29, '2020-01-08 02:56:07', '2020-01-08 02:56:07'),
(36, 'commodi', 'Cumque quam consequatur qui minima. Voluptas debitis ut dolor explicabo corporis enim necessitatibus. Non consequatur in quia dolores. Tenetur sit quo velit et at.', 456, 1, 15, '2020-01-08 02:56:07', '2020-01-08 02:56:07'),
(37, 'ut', 'Temporibus praesentium quas consectetur ex maxime. Sed sunt pariatur aut voluptas atque. Unde eum laudantium dicta velit quia.', 764, 2, 7, '2020-01-08 02:56:07', '2020-01-08 02:56:07'),
(38, 'fugit', 'Molestiae ipsam alias maxime maxime quis. Adipisci voluptatem iure ab sapiente.', 979, 0, 28, '2020-01-08 02:56:07', '2020-01-08 02:56:07'),
(39, 'quo', 'Accusantium deleniti illo nam perferendis. Consectetur culpa saepe quisquam quasi. Officia eius molestias velit dolor quibusdam. Ullam dicta qui accusantium reiciendis repellat laudantium.', 671, 8, 26, '2020-01-08 02:56:07', '2020-01-08 02:56:07'),
(40, 'id', 'Eum amet sit nobis ut. Voluptatum velit blanditiis sapiente itaque omnis assumenda. Perspiciatis sit ut omnis tempore. Explicabo aut est ipsa eaque quis eos.', 607, 2, 6, '2020-01-08 02:56:07', '2020-01-08 02:56:07'),
(41, 'ut', 'Non officia quia quis similique placeat soluta vel. Aliquid ea odit est voluptatem tempore recusandae tenetur. Omnis omnis eum tenetur non aut eum. In sapiente repudiandae aliquid dicta nisi. Voluptatum exercitationem consequatur et dolor et et qui.', 447, 7, 30, '2020-01-08 02:56:07', '2020-01-08 02:56:07'),
(42, 'voluptas', 'Nostrum hic qui tempora adipisci voluptates. Voluptatem dolores eum rerum quam exercitationem quia deleniti. Et quidem laborum cum quidem. Quaerat corporis voluptate dignissimos itaque.', 515, 5, 30, '2020-01-08 02:56:07', '2020-01-08 02:56:07'),
(43, 'quibusdam', 'Non dolorem non voluptas possimus. Quae itaque delectus nesciunt. Rem labore perferendis qui aspernatur.', 285, 3, 5, '2020-01-08 02:56:07', '2020-01-08 02:56:07'),
(44, 'dolor', 'Dolores velit voluptatem et sint reiciendis ex. Aliquid facere voluptatum excepturi eum inventore ea dignissimos. Voluptatum aspernatur distinctio qui qui qui. Architecto mollitia ut numquam id optio asperiores.', 706, 4, 11, '2020-01-08 02:56:07', '2020-01-08 02:56:07'),
(45, 'nihil', 'Quaerat dolorum eius vitae consectetur accusamus. Sunt nesciunt omnis ullam repellat est repudiandae. Pariatur adipisci illum provident perferendis enim tempora.', 363, 3, 8, '2020-01-08 02:56:07', '2020-01-08 02:56:07'),
(46, 'aliquid', 'Corrupti corrupti omnis ad animi. Accusamus molestiae et voluptas pariatur aut a. Aut aspernatur suscipit in sunt deserunt ab ut.', 787, 3, 8, '2020-01-08 02:56:07', '2020-01-08 02:56:07'),
(47, 'et', 'Voluptas dolor alias vero quia a hic. Dolores dolor odio nulla nihil rerum natus fuga. Pariatur ducimus exercitationem soluta rerum est optio non.', 800, 3, 21, '2020-01-08 02:56:07', '2020-01-08 02:56:07'),
(48, 'esse', 'Tempore quis sint mollitia non tempore rem tenetur necessitatibus. Doloremque excepturi nulla recusandae qui optio in adipisci. Et totam earum minus quisquam eos. Adipisci harum repellendus hic inventore.', 279, 3, 22, '2020-01-08 02:56:07', '2020-01-08 02:56:07'),
(49, 'dolores', 'Et totam facilis aut quasi vitae praesentium corrupti alias. Laudantium cum alias odit aut tempora. Odit modi at laborum ea et repellat qui esse. Qui consectetur perspiciatis totam cum inventore error.', 168, 0, 26, '2020-01-08 02:56:07', '2020-01-08 02:56:07'),
(50, 'quasi', 'Est ut officia doloribus est illum voluptate. Perspiciatis impedit qui soluta. Ab voluptatem ipsum odio non consequuntur atque sint cumque. Odit delectus ea dolorem recusandae dolore voluptas. Laudantium similique exercitationem modi molestiae exercitationem.', 924, 4, 20, '2020-01-08 02:56:07', '2020-01-08 02:56:07'),
(51, 'voluptas', 'Voluptas quae ducimus facere ut et in. Temporibus quo incidunt porro ipsum ut laudantium molestias. Fugiat exercitationem nobis reprehenderit dolorum. Quaerat incidunt accusantium laudantium voluptas totam ut.', 285, 7, 14, '2020-01-08 03:00:00', '2020-01-08 03:00:00'),
(52, 'asperiores', 'Molestias recusandae rerum assumenda aperiam consequuntur et. Corrupti quos dicta dolor provident distinctio. Beatae dolores ipsum exercitationem. Eos ut reiciendis omnis dolorem tempore qui sapiente. Quos suscipit nihil consequatur aut.', 720, 2, 26, '2020-01-08 03:00:00', '2020-01-08 03:00:00'),
(53, 'id', 'Debitis et autem suscipit quos impedit ipsum et. Sit quasi autem odit rerum.', 633, 7, 5, '2020-01-08 03:00:00', '2020-01-08 03:00:00'),
(54, 'magnam', 'Sed reiciendis hic ea consequatur. Perferendis minima eligendi praesentium aliquam maiores exercitationem. Enim amet amet eos. Libero facilis unde voluptas rerum similique deserunt deserunt consequatur.', 277, 7, 9, '2020-01-08 03:00:00', '2020-01-08 03:00:00'),
(55, 'alias', 'Laborum officiis aut voluptas quos sint sed assumenda. Rerum aut ab quae dolorem eaque. Laborum a neque beatae amet. Et quos illum id at quam illo.', 246, 1, 7, '2020-01-08 03:00:00', '2020-01-08 03:00:00'),
(56, 'quo', 'Dolores dolore magnam et voluptatem magni. Dolor nulla officiis quo ipsa aut at. Quos officiis ab eum perspiciatis quas modi. Praesentium cumque ea aliquam rem repudiandae.', 172, 5, 10, '2020-01-08 03:00:00', '2020-01-08 03:00:00'),
(57, 'aperiam', 'Facilis qui velit qui. Impedit unde fugiat officia exercitationem. Repudiandae quaerat ut in labore. Aliquid at tempora doloribus reprehenderit aspernatur est.', 291, 1, 16, '2020-01-08 03:00:00', '2020-01-08 03:00:00'),
(58, 'aut', 'Est excepturi vero nulla adipisci. Optio rem error occaecati eligendi quod accusantium. Suscipit consequatur temporibus adipisci dolor vitae. Ut ad rerum occaecati eos.', 419, 9, 19, '2020-01-08 03:00:00', '2020-01-08 03:00:00'),
(59, 'culpa', 'Architecto ea sequi iure qui mollitia sed accusantium. Sit similique officiis nostrum et qui consequatur. Eveniet quis rerum ut dolorem earum. Inventore temporibus molestiae sit expedita beatae qui.', 459, 0, 25, '2020-01-08 03:00:00', '2020-01-08 03:00:00'),
(60, 'voluptatibus', 'Dolorum velit ut ab. Est laborum voluptatem nobis sit amet. Ipsa excepturi distinctio sunt illum consectetur et et.', 797, 3, 20, '2020-01-08 03:00:00', '2020-01-08 03:00:00'),
(61, 'rerum', 'Nisi id aperiam quis corrupti molestias quibusdam ut. Necessitatibus et et sint assumenda nobis delectus.', 605, 0, 2, '2020-01-08 03:00:00', '2020-01-08 03:00:00'),
(62, 'saepe', 'Commodi assumenda vel facere illum nisi dolor. Inventore aliquid odio ut adipisci placeat accusantium totam.', 484, 5, 26, '2020-01-08 03:00:00', '2020-01-08 03:00:00'),
(63, 'facilis', 'Voluptates et maxime illo. Vero minus soluta quidem ratione. Debitis ipsa mollitia adipisci praesentium numquam ratione maxime. Sit deleniti error explicabo neque sit sint.', 168, 0, 18, '2020-01-08 03:00:00', '2020-01-08 03:00:00'),
(64, 'maiores', 'Recusandae iste voluptas accusamus autem et voluptatem qui. Nostrum voluptatem et quas et dicta. Excepturi et a voluptatum totam inventore minus quis error.', 731, 7, 4, '2020-01-08 03:00:00', '2020-01-08 03:00:00'),
(65, 'harum', 'Ipsa quae minus itaque placeat alias quidem. Commodi dicta rem ducimus accusamus quis. Nostrum qui dolore voluptate aut. Deleniti dolor aperiam voluptatum modi iure in.', 226, 1, 19, '2020-01-08 03:00:00', '2020-01-08 03:00:00'),
(66, 'rerum', 'Eveniet nobis et architecto distinctio. Veniam numquam sapiente exercitationem quaerat dolorem consequatur.', 315, 6, 30, '2020-01-08 03:00:00', '2020-01-08 03:00:00'),
(67, 'totam', 'In neque dolorum assumenda pariatur molestiae sint. Ut quasi molestias veniam sed excepturi delectus.', 757, 4, 30, '2020-01-08 03:00:00', '2020-01-08 03:00:00'),
(68, 'itaque', 'Sed velit sed quia enim quia et voluptatum et. Consectetur optio ducimus quia veniam. Expedita sit nostrum dolorum aut rerum.', 378, 5, 18, '2020-01-08 03:00:00', '2020-01-08 03:00:00'),
(69, 'qui', 'Assumenda voluptas praesentium laboriosam quidem hic animi. Optio ad provident eum. At enim ad quaerat dicta aut nobis.', 373, 3, 30, '2020-01-08 03:00:00', '2020-01-08 03:00:00'),
(70, 'alias', 'Dolores fugit animi a rerum iusto sit at. Quia delectus beatae similique consequatur aut fugit consequatur consequatur. Sint porro harum laboriosam rerum eum distinctio. Eaque natus dolor magnam tenetur. Modi magnam dicta rerum cum saepe ab dolor.', 812, 7, 20, '2020-01-08 03:00:00', '2020-01-08 03:00:00'),
(71, 'sed', 'Nisi voluptatibus odit dolores omnis. Voluptatibus veniam ut sit sed ut eligendi nam. Aspernatur dolorum dicta non consectetur dolore.', 723, 3, 25, '2020-01-08 03:00:00', '2020-01-08 03:00:00'),
(72, 'rerum', 'Placeat maiores ea explicabo adipisci deleniti. Impedit qui distinctio minus provident eaque dicta id. A nostrum ut voluptatem cumque ea.', 793, 2, 21, '2020-01-08 03:00:00', '2020-01-08 03:00:00'),
(73, 'quo', 'Dignissimos culpa in a saepe earum. Voluptatem ut quae ut libero est aut eum. Et ullam sint distinctio quam a.', 962, 0, 18, '2020-01-08 03:00:00', '2020-01-08 03:00:00'),
(74, 'dolorum', 'Nemo fugiat vitae voluptatem eos eum cum aut. Vel vero debitis laborum magnam ut voluptas. Eum consequatur voluptas iusto.', 375, 2, 27, '2020-01-08 03:00:00', '2020-01-08 03:00:00'),
(75, 'rerum', 'Asperiores enim quidem aut repellat. Earum optio laboriosam quae perferendis ea. Vitae dolor maxime asperiores et molestiae. Veniam aut maiores dolor itaque qui culpa officiis accusamus.', 988, 0, 26, '2020-01-08 03:00:00', '2020-01-08 03:00:00'),
(76, 'id', 'Magnam iure et eos odit officiis. Nisi incidunt minus ratione autem eum. Cumque aut tenetur id est.', 657, 0, 18, '2020-01-08 03:00:00', '2020-01-08 03:00:00'),
(77, 'ab', 'Voluptatem fuga rem reiciendis nulla. Ut recusandae omnis iste deserunt est. Eaque neque sunt maxime velit beatae neque a.', 949, 2, 8, '2020-01-08 03:00:00', '2020-01-08 03:00:00'),
(78, 'sapiente', 'Aspernatur optio tempora vel voluptatem. Rerum est deleniti eius suscipit odio labore qui. Et a est qui reprehenderit delectus. Et assumenda doloribus asperiores earum.', 883, 6, 22, '2020-01-08 03:00:00', '2020-01-08 03:00:00'),
(79, 'esse', 'Et harum saepe enim voluptas voluptatem est tenetur. Placeat aspernatur sunt deleniti est quasi ut. Dicta perspiciatis aliquam qui ea. Nisi ab vitae saepe. Rerum amet quia recusandae enim blanditiis.', 205, 5, 10, '2020-01-08 03:00:00', '2020-01-08 03:00:00'),
(80, 'cupiditate', 'Ad saepe id corporis sit reiciendis quos voluptas. Voluptate voluptas maiores omnis quas sequi dolores voluptatem. Dolor ad sit id atque ducimus explicabo.', 583, 7, 26, '2020-01-08 03:00:00', '2020-01-08 03:00:00'),
(81, 'nostrum', 'Quia rerum maxime molestiae voluptas est repellat. Consectetur nihil consequatur sint. Ea tenetur quisquam suscipit velit.', 139, 6, 6, '2020-01-08 03:00:00', '2020-01-08 03:00:00'),
(82, 'officiis', 'Modi inventore eum tempore consequatur ut. Quia nesciunt voluptas quos. Aut culpa rerum suscipit.', 151, 9, 21, '2020-01-08 03:00:00', '2020-01-08 03:00:00'),
(83, 'ipsum', 'Repudiandae sint reprehenderit praesentium delectus at molestias. Voluptatem molestiae non impedit dolor voluptas. Earum ipsam et nesciunt aspernatur est. Aut quas aut quisquam.', 443, 4, 29, '2020-01-08 03:00:00', '2020-01-08 03:00:00'),
(84, 'doloremque', 'Et enim aperiam sit minima veniam omnis numquam fugiat. Explicabo officia et sint ipsam iusto officia vel aut. Quidem illum quo possimus qui labore. Nemo laborum quos nihil.', 492, 4, 8, '2020-01-08 03:00:00', '2020-01-08 03:00:00'),
(85, 'est', 'Est laborum non quas corrupti repudiandae magni incidunt. Rerum repellendus provident incidunt odio. Dolorem laboriosam exercitationem ipsa sit est quo commodi.', 456, 8, 12, '2020-01-08 03:00:00', '2020-01-08 03:00:00'),
(86, 'praesentium', 'Error dolorem in quo excepturi inventore id sed. Quod aut ducimus omnis pariatur consequatur. Mollitia officia ut quaerat dolores. Aliquid blanditiis dolores omnis fugit explicabo velit cum.', 332, 7, 14, '2020-01-08 03:00:00', '2020-01-08 03:00:00'),
(87, 'quis', 'Dolores officia dolor qui quidem voluptas dolore molestias. Blanditiis odit occaecati enim quos voluptatem ducimus voluptatem. Repudiandae ipsa ratione sapiente magni. Vitae iusto adipisci et rem.', 770, 0, 4, '2020-01-08 03:00:00', '2020-01-08 03:00:00'),
(88, 'est', 'Quisquam nulla error est accusantium. Eligendi tenetur voluptatem omnis consequatur dolor. Voluptas voluptas maxime a rerum illum vitae.', 956, 1, 2, '2020-01-08 03:00:00', '2020-01-08 03:00:00'),
(89, 'cupiditate', 'Quis labore harum quibusdam ratione. Recusandae hic perferendis modi deleniti aut ab dolores. Totam blanditiis tenetur est.', 179, 4, 30, '2020-01-08 03:00:00', '2020-01-08 03:00:00'),
(90, 'suscipit', 'Nihil ea sapiente et cupiditate veritatis. Reprehenderit eum aut voluptas ea nobis et pariatur quisquam. Nobis aut repellat cumque cupiditate. Tenetur est ipsa repellat deserunt qui dolorem natus.', 537, 4, 24, '2020-01-08 03:00:00', '2020-01-08 03:00:00'),
(91, 'quia', 'Velit doloribus eos praesentium consectetur ducimus architecto sint. Numquam voluptas quisquam id natus quos mollitia. Illum nemo consequatur facere saepe maxime eos. Omnis a quia consectetur impedit sunt.', 212, 3, 30, '2020-01-08 03:00:00', '2020-01-08 03:00:00'),
(92, 'numquam', 'Numquam in non animi doloribus et dolorum. Commodi recusandae deleniti odit aut et. Consequatur esse aut nemo praesentium cum labore consequuntur aperiam. Nobis totam sed provident saepe officiis earum.', 963, 1, 14, '2020-01-08 03:00:00', '2020-01-08 03:00:00'),
(93, 'nobis', 'Blanditiis necessitatibus quos eligendi libero autem dolorem. Ut dolores accusamus ullam distinctio consequatur. Blanditiis totam dolor non et necessitatibus alias. Praesentium esse dolor magnam labore laudantium assumenda.', 620, 2, 18, '2020-01-08 03:00:00', '2020-01-08 03:00:00'),
(94, 'dolore', 'Id laudantium dolorum nostrum provident. Minus vel et cum excepturi. Ut quia reprehenderit voluptatem dolor minima ducimus eaque accusantium. Architecto tempora ut dolorum excepturi.', 574, 3, 10, '2020-01-08 03:00:00', '2020-01-08 03:00:00'),
(95, 'corporis', 'Quisquam et incidunt et. Nisi ut qui alias fuga ut. Commodi aut et minus. Deleniti omnis consequatur aut aut magni ea.', 699, 5, 17, '2020-01-08 03:00:00', '2020-01-08 03:00:00'),
(96, 'et', 'Eligendi mollitia eum soluta velit a cumque magnam. Amet necessitatibus ex vitae sunt dolorum aut sed placeat. Adipisci nihil necessitatibus rerum unde. Laboriosam aspernatur vitae possimus harum saepe facilis odit.', 734, 0, 11, '2020-01-08 03:00:00', '2020-01-08 03:00:00'),
(97, 'non', 'Sit sunt quaerat qui illum officiis numquam. Qui laudantium ducimus molestias aut aut eos unde. Est veritatis id eum ut. Et ut eum aliquid et. Qui consequatur ea et sit nulla aspernatur.', 772, 6, 7, '2020-01-08 03:00:00', '2020-01-08 03:00:00'),
(98, 'earum', 'Molestiae qui voluptas rerum ut qui fuga dolor vel. Iure rem suscipit dolores fugiat quae sint. Suscipit illum architecto eaque id laboriosam magnam nulla. Voluptatem ipsum quia quis nihil autem minus.', 401, 3, 30, '2020-01-08 03:00:00', '2020-01-08 03:00:00'),
(99, 'et', 'Modi at ipsam veritatis. Quidem earum ut esse et eius error quia. Totam dignissimos nobis ducimus laboriosam dolore. Maiores unde unde excepturi quas. Ipsa qui distinctio reprehenderit.', 751, 6, 21, '2020-01-08 03:00:01', '2020-01-08 03:00:01'),
(100, 'ut', 'Nostrum enim minus tempora doloremque sunt distinctio non. Suscipit beatae voluptatibus ipsum. Est adipisci rerum autem dolor. Illum repudiandae qui molestias.', 843, 1, 13, '2020-01-08 03:00:01', '2020-01-08 03:00:01');

-- --------------------------------------------------------

--
-- Table structure for table `reviews`
--

CREATE TABLE `reviews` (
  `id` int(10) UNSIGNED NOT NULL,
  `product_id` int(10) UNSIGNED NOT NULL,
  `customer` varchar(255) COLLATE utf8mb4_unicode_ci NOT NULL,
  `review` text COLLATE utf8mb4_unicode_ci NOT NULL,
  `star` int(11) NOT NULL,
  `created_at` timestamp NULL DEFAULT NULL,
  `updated_at` timestamp NULL DEFAULT NULL
) ENGINE=InnoDB DEFAULT CHARSET=utf8mb4 COLLATE=utf8mb4_unicode_ci;

--
-- Dumping data for table `reviews`
--

INSERT INTO `reviews` (`id`, `product_id`, `customer`, `review`, `star`, `created_at`, `updated_at`) VALUES
(1, 44, 'Chanel Carroll V', 'Iste minima temporibus quaerat adipisci optio. Quisquam placeat sint in sequi et reiciendis. Repellat qui eius nihil ex omnis molestiae ab. Vel voluptas et sequi impedit itaque rerum ut.', 2, '2020-01-08 03:00:01', '2020-01-08 03:00:01'),
(2, 13, 'Dr. Velda Botsford', 'Quod aliquid repudiandae id veritatis. Quae omnis ab et ipsam. Occaecati ut inventore perspiciatis enim voluptate quibusdam nobis.', 3, '2020-01-08 03:00:01', '2020-01-08 03:00:01'),
(3, 44, 'Dr. Earnestine Hirthe III', 'Eius laborum quis consequatur impedit. Est distinctio quisquam eos eos ipsum quia quia.', 0, '2020-01-08 03:00:01', '2020-01-08 03:00:01'),
(4, 21, 'Amparo Hansen', 'Maxime eum vel velit pariatur architecto. Incidunt voluptatem ratione voluptates minus optio necessitatibus. Minima est impedit voluptatem necessitatibus quidem aut.', 5, '2020-01-08 03:00:01', '2020-01-08 03:00:01'),
(5, 89, 'Adrain Heathcote Sr.', 'Voluptatem sit aut omnis maxime. Dolorum deleniti dolorum quos architecto.', 0, '2020-01-08 03:00:01', '2020-01-08 03:00:01'),
(6, 85, 'Eda Crooks', 'Consectetur ut quaerat ex laborum magni. Quam praesentium qui rerum in quia facere. Amet qui excepturi neque modi omnis. Ea eum vitae quo quia.', 3, '2020-01-08 03:00:01', '2020-01-08 03:00:01'),
(7, 30, 'Caroline Balistreri', 'Quia laboriosam cupiditate similique expedita dolor sapiente. Voluptas iusto voluptatem incidunt sit aut voluptas. Ut accusamus blanditiis quaerat at perspiciatis consequuntur id.', 0, '2020-01-08 03:00:01', '2020-01-08 03:00:01'),
(8, 1, 'Sam Gutmann', 'Qui eos sed molestias veritatis eos voluptas a. Laborum sint aut ut minus necessitatibus ab. Sit animi ad sed fugit dolor rerum eveniet.', 1, '2020-01-08 03:00:01', '2020-01-08 03:00:01'),
(9, 76, 'Alphonso Hudson', 'Quae et non nesciunt impedit consectetur veritatis doloremque qui. Molestiae ea ut hic eveniet cupiditate ipsam. Omnis alias nisi perferendis et. Voluptatem reprehenderit eveniet saepe impedit sapiente est.', 2, '2020-01-08 03:00:01', '2020-01-08 03:00:01'),
(10, 90, 'Lilyan Kerluke', 'Quam minus at natus. Eos autem dolorum quo incidunt qui ut. Harum laborum deserunt facere saepe qui.', 4, '2020-01-08 03:00:01', '2020-01-08 03:00:01'),
(11, 52, 'Ignacio Bins', 'Cum voluptatem aperiam omnis dolores ratione aut animi. Non ex totam vel error error sit autem. Sunt maiores atque consectetur in.', 2, '2020-01-08 03:00:01', '2020-01-08 03:00:01'),
(12, 65, 'Gia Pouros', 'Harum eligendi error et et eveniet voluptatem cumque. Architecto corrupti reiciendis suscipit sint fuga. Distinctio aut molestiae quam impedit.', 4, '2020-01-08 03:00:01', '2020-01-08 03:00:01'),
(13, 81, 'Petra Emard', 'Consequatur sit rerum quia ut esse ipsum. Corrupti quas animi tenetur vel omnis sit. Perspiciatis est aliquid autem.', 0, '2020-01-08 03:00:01', '2020-01-08 03:00:01'),
(14, 39, 'Dr. Schuyler Ortiz', 'Ipsa error harum qui et. Velit enim explicabo pariatur reiciendis nisi quas. Culpa velit rerum et qui debitis ipsa. Doloremque necessitatibus numquam cum quas maiores sed incidunt soluta.', 0, '2020-01-08 03:00:01', '2020-01-08 03:00:01'),
(15, 9, 'Vena Baumbach', 'Molestiae illo et praesentium. Consequatur odit aut doloribus officia consequatur ut error voluptas. Aperiam possimus harum vero adipisci.', 1, '2020-01-08 03:00:01', '2020-01-08 03:00:01'),
(16, 73, 'Janessa Kovacek', 'Velit aperiam similique sapiente itaque aliquid voluptates ut nemo. Quis quis sequi voluptatem enim quia qui. Ea dolorem laudantium molestiae in voluptates. Dicta non voluptatum reprehenderit unde esse.', 0, '2020-01-08 03:00:01', '2020-01-08 03:00:01'),
(17, 36, 'Garrick Mosciski', 'Perspiciatis voluptas eaque quos ipsam. Repellat mollitia temporibus ipsa aut voluptatum dicta. Est quam enim aut dolores nam.', 4, '2020-01-08 03:00:01', '2020-01-08 03:00:01'),
(18, 67, 'Claud Erdman', 'Explicabo quo beatae ut ut repudiandae. Dolore vel laudantium quidem inventore sunt beatae. Facilis molestias illum voluptatum dolores. Amet reiciendis officia tenetur quis voluptates quidem incidunt.', 2, '2020-01-08 03:00:01', '2020-01-08 03:00:01'),
(19, 82, 'Maynard Hackett', 'Est nisi illum ut autem qui et quia. Nihil aut fuga qui accusantium atque eum et. Sint sit est aut tempora eius.', 2, '2020-01-08 03:00:01', '2020-01-08 03:00:01'),
(20, 70, 'Alana Jones', 'Praesentium maiores excepturi optio et unde aliquam sit modi. Voluptatum sit minus dignissimos sit mollitia unde eligendi quas. Temporibus voluptatibus quis non commodi facere non ducimus numquam.', 4, '2020-01-08 03:00:01', '2020-01-08 03:00:01'),
(21, 44, 'Ramona Durgan', 'Corrupti natus non qui maiores placeat. In in nihil assumenda qui. Eum aut dolor voluptatibus voluptas omnis. Odio quos ipsam nesciunt.', 1, '2020-01-08 03:00:01', '2020-01-08 03:00:01'),
(22, 2, 'Carissa Baumbach DVM', 'Et quos ut culpa numquam a doloremque ipsam. Ut facere deserunt nulla error.', 0, '2020-01-08 03:00:01', '2020-01-08 03:00:01'),
(23, 79, 'Toni Mertz', 'Est mollitia aut est quaerat beatae. Optio omnis enim libero non excepturi omnis. Qui porro enim sint nesciunt.', 3, '2020-01-08 03:00:01', '2020-01-08 03:00:01'),
(24, 91, 'Dr. Taurean Christiansen', 'Quo inventore ullam exercitationem quidem quae earum et. Libero sit quos est. Adipisci illum animi quasi sit. At sapiente consequatur officiis quis eius aut fugiat.', 0, '2020-01-08 03:00:01', '2020-01-08 03:00:01'),
(25, 4, 'Ms. Kathryn Skiles', 'Est et sit neque maiores aut minima. Autem aut quo blanditiis voluptatum incidunt ad. Et quia quaerat nihil ratione sunt.', 2, '2020-01-08 03:00:01', '2020-01-08 03:00:01'),
(26, 46, 'Danyka Mraz', 'Non expedita sed quo odit aut tenetur similique. Debitis autem laboriosam qui architecto quis. Cupiditate et mollitia qui consequatur.', 0, '2020-01-08 03:00:01', '2020-01-08 03:00:01'),
(27, 35, 'Filiberto Goyette', 'Voluptas sunt praesentium iste natus non sequi. Amet vel totam dolorem quia aut excepturi. Sed iure et quo est dolorum saepe.', 0, '2020-01-08 03:00:01', '2020-01-08 03:00:01'),
(28, 44, 'Naomie Mosciski', 'Recusandae atque voluptatem magnam ab nihil ut tempore doloribus. Aut eligendi ut praesentium doloribus omnis eveniet natus est. Omnis quia tenetur molestiae ea rerum. Quis ad at omnis quas.', 0, '2020-01-08 03:00:01', '2020-01-08 03:00:01'),
(29, 5, 'Louvenia Aufderhar', 'Harum placeat reprehenderit quo et. Rerum et voluptatem odio excepturi nemo ab sit. Aperiam in assumenda voluptate porro et. Ut consequatur quasi omnis qui repellendus dolorum distinctio rerum. Sed natus iusto in quam nemo aliquid.', 2, '2020-01-08 03:00:01', '2020-01-08 03:00:01'),
(30, 30, 'Braeden Collins', 'Ex sit molestiae facilis saepe. Consectetur eos ut et et minus. Laudantium omnis ratione totam possimus. Dolorem ad quisquam veniam exercitationem iusto doloribus.', 3, '2020-01-08 03:00:01', '2020-01-08 03:00:01'),
(31, 27, 'Shanon Pollich', 'Repellat autem aspernatur eum blanditiis aut omnis est. Consectetur aut esse commodi deleniti laborum neque. Quibusdam dolorum odio quaerat incidunt ex.', 2, '2020-01-08 03:00:01', '2020-01-08 03:00:01'),
(32, 29, 'Elizabeth Becker', 'Modi consequatur voluptates adipisci iure sit dolore quas. Voluptatibus mollitia neque quo sit nesciunt.', 3, '2020-01-08 03:00:01', '2020-01-08 03:00:01'),
(33, 54, 'Eleonore Sawayn', 'Asperiores vel est ullam placeat excepturi omnis sunt. Non inventore ducimus dolorem quidem nostrum nihil consequatur. Impedit incidunt sed est consequatur. Ea dolores tempora qui ut. Nobis maiores et nostrum cupiditate error nihil qui.', 4, '2020-01-08 03:00:01', '2020-01-08 03:00:01'),
(34, 41, 'Everardo Bergstrom DVM', 'Vitae repellendus nam ducimus error. Error magni fuga accusamus amet.', 4, '2020-01-08 03:00:01', '2020-01-08 03:00:01'),
(35, 88, 'Brooks Homenick', 'Ut quo rerum nihil aut delectus consequuntur tempore. Exercitationem illum est quisquam sit reiciendis enim quos. Facere esse ut dolorem eius est. Sed aliquid doloremque exercitationem voluptatem unde unde exercitationem repellendus.', 4, '2020-01-08 03:00:01', '2020-01-08 03:00:01'),
(36, 77, 'Kathleen Dicki', 'Est reiciendis placeat id laborum quis quis voluptatibus. Voluptatum consequuntur provident aliquid. Et sed temporibus ut odit delectus ab harum quas.', 0, '2020-01-08 03:00:01', '2020-01-08 03:00:01'),
(37, 31, 'Joelle Goyette', 'Aliquid illum odit id sunt qui optio. Non veniam et ducimus deleniti est iusto animi mollitia. Facere incidunt laboriosam sit atque et.', 3, '2020-01-08 03:00:01', '2020-01-08 03:00:01'),
(38, 76, 'Luella Heller', 'Velit ab facere sed adipisci consequatur in qui. Nam nam animi aperiam voluptatum consequatur. Id accusantium occaecati ea molestias minima aut non.', 1, '2020-01-08 03:00:01', '2020-01-08 03:00:01'),
(39, 1, 'Ms. Athena Streich', 'Placeat vel iste qui ut. Et dolor nisi illum expedita eaque sit quam. Qui maxime rerum eum possimus perferendis optio deleniti.', 5, '2020-01-08 03:00:01', '2020-01-08 03:00:01'),
(40, 27, 'Prof. Dangelo Abbott', 'Eum at repellat reprehenderit autem tempora quis. Culpa ea nam eos ut.', 0, '2020-01-08 03:00:01', '2020-01-08 03:00:01'),
(41, 63, 'Ms. Rae Walsh', 'Rerum sed explicabo eum est soluta impedit et molestiae. Tenetur reiciendis occaecati nostrum voluptatibus nihil corporis. Maiores maiores qui natus libero alias. Odio aut non laborum a pariatur repudiandae.', 0, '2020-01-08 03:00:01', '2020-01-08 03:00:01'),
(42, 99, 'Mr. Enid Emmerich', 'Eos dolorum odio et sed blanditiis repellendus iure. Velit voluptatem aut corporis temporibus reiciendis sequi. Voluptatem unde nostrum aliquam sit consequuntur.', 2, '2020-01-08 03:00:01', '2020-01-08 03:00:01'),
(43, 9, 'Eldora Vandervort', 'Voluptatibus facere animi itaque exercitationem cupiditate quia dolorem ullam. Et sit debitis ullam saepe voluptatem ullam vel. Quasi qui fuga rerum. Aut voluptatem qui temporibus ab.', 3, '2020-01-08 03:00:01', '2020-01-08 03:00:01'),
(44, 16, 'Gina Turner', 'Omnis sit non qui. Vel ratione minus molestias itaque voluptates ut. Ut blanditiis similique provident voluptate.', 2, '2020-01-08 03:00:01', '2020-01-08 03:00:01'),
(45, 70, 'Dr. Vidal Weimann PhD', 'Quia illum libero esse laborum itaque distinctio. Hic fugiat laudantium velit voluptas. Ut architecto in expedita ut molestiae blanditiis.', 0, '2020-01-08 03:00:01', '2020-01-08 03:00:01'),
(46, 54, 'Maud Rippin', 'Aperiam at hic a quidem atque. Necessitatibus est est ipsam esse dicta quia fugit. Occaecati nulla fugiat perspiciatis quia ut maiores eligendi. Ut accusamus consectetur soluta voluptatem occaecati. Aut laudantium delectus iure.', 4, '2020-01-08 03:00:01', '2020-01-08 03:00:01'),
(47, 2, 'Brannon Erdman', 'Asperiores voluptas autem rem assumenda. Quisquam quis magnam quisquam quidem officia quo eligendi.', 3, '2020-01-08 03:00:01', '2020-01-08 03:00:01'),
(48, 61, 'Connie Conn PhD', 'Ut molestiae architecto earum laboriosam. Dolore labore iste assumenda sunt occaecati et repellat.', 4, '2020-01-08 03:00:01', '2020-01-08 03:00:01'),
(49, 58, 'Katheryn Morissette', 'Doloribus labore explicabo debitis explicabo sed. Sunt ut veritatis modi eveniet pariatur corporis dignissimos impedit. Incidunt dolores ad nihil quia laudantium dolor. At dolore dolor fugit aut molestias ut.', 4, '2020-01-08 03:00:01', '2020-01-08 03:00:01'),
(50, 76, 'Birdie Leannon III', 'Enim eveniet dolores dolor aut. Molestias sint libero esse quis eos. Atque qui eligendi voluptatem. Quis officia vel veniam voluptas.', 3, '2020-01-08 03:00:01', '2020-01-08 03:00:01'),
(51, 76, 'Catharine Reinger', 'Beatae consectetur consequatur hic sit quia suscipit aut. Consequatur autem natus quibusdam quas officia in. Reprehenderit culpa nemo qui beatae vero ipsa error qui.', 1, '2020-01-08 03:00:01', '2020-01-08 03:00:01'),
(52, 60, 'Krystel Jast', 'Ex id placeat culpa voluptatem. Ipsum aut corrupti temporibus. Sapiente dignissimos fugit delectus molestiae animi quasi.', 0, '2020-01-08 03:00:01', '2020-01-08 03:00:01'),
(53, 87, 'Myrtle Tremblay', 'Accusantium consequuntur distinctio repudiandae dolor. Aut cupiditate iste aut necessitatibus dignissimos quo. Pariatur et rerum et ad quia.', 3, '2020-01-08 03:00:01', '2020-01-08 03:00:01'),
(54, 81, 'Prof. Erika Eichmann', 'Quae sint iure necessitatibus eum natus est eveniet. Provident sapiente perferendis quia et maiores et. Velit et aspernatur autem sit. Tempora quia officiis assumenda doloribus.', 5, '2020-01-08 03:00:01', '2020-01-08 03:00:01'),
(55, 73, 'Carmella Jacobson III', 'Eaque dolor doloribus dolorem. Velit et ea consequatur. Dolor quaerat dolorem ad nihil hic quis sit sunt.', 1, '2020-01-08 03:00:01', '2020-01-08 03:00:01'),
(56, 29, 'Morgan Witting', 'Numquam facilis earum iure. Deleniti cumque ducimus animi sunt odio. Nesciunt dolores natus et minus excepturi veniam. Et voluptatibus et vero quia.', 4, '2020-01-08 03:00:01', '2020-01-08 03:00:01'),
(57, 98, 'Allan Feest II', 'Delectus voluptatem nihil rerum et necessitatibus nam eaque harum. Nemo voluptate deserunt repudiandae qui modi. Qui voluptate provident excepturi facere ad sed.', 5, '2020-01-08 03:00:01', '2020-01-08 03:00:01'),
(58, 6, 'Theo Wehner Sr.', 'Quisquam et in ut necessitatibus reprehenderit quo rerum. Possimus eos dolor voluptatem. Mollitia fugit et ullam fugit at.', 1, '2020-01-08 03:00:01', '2020-01-08 03:00:01'),
(59, 83, 'Mr. Everardo Boehm', 'Voluptatem repudiandae debitis aut pariatur in ea. Eos quod qui est possimus sed. Cum dolores est maiores tenetur laudantium similique.', 0, '2020-01-08 03:00:01', '2020-01-08 03:00:01'),
(60, 34, 'Adan Reynolds', 'Harum optio dignissimos at fugit iure rerum optio. Aut aut unde et fugit est. Sequi et in maxime ea dolores praesentium saepe occaecati. At cupiditate et vero omnis sint quisquam.', 4, '2020-01-08 03:00:01', '2020-01-08 03:00:01'),
(61, 70, 'Renee Collier', 'Nostrum fugit vel repellendus ipsa sit. Odio in accusamus at fugiat natus ab sint necessitatibus.', 4, '2020-01-08 03:00:01', '2020-01-08 03:00:01'),
(62, 73, 'Johathan Muller II', 'Sed expedita minus vel distinctio accusamus nihil. Sed ratione hic maxime tenetur amet. Ut et exercitationem in et odio ipsum. Explicabo sed asperiores architecto.', 0, '2020-01-08 03:00:01', '2020-01-08 03:00:01'),
(63, 93, 'Stephania West II', 'Debitis voluptatibus delectus id consequatur repellendus. Iusto asperiores hic velit quisquam. Et vel omnis dolor quis. Voluptate voluptatem temporibus explicabo placeat quo.', 0, '2020-01-08 03:00:01', '2020-01-08 03:00:01'),
(64, 70, 'Jarvis Weber', 'Quia qui doloremque quas est sed id. Est sit quo dolore possimus impedit eos nesciunt. Saepe fuga sequi omnis pariatur dolorum hic. Illum accusantium quia quia modi quibusdam non.', 0, '2020-01-08 03:00:01', '2020-01-08 03:00:01'),
(65, 85, 'Mr. Frederick Wilderman', 'Qui et nihil commodi culpa deleniti vel voluptatem quaerat. Dignissimos unde dicta quod dolor voluptatem quis non. Quos adipisci doloribus et nostrum rem vero aut. Laborum itaque soluta rem quis sit.', 5, '2020-01-08 03:00:01', '2020-01-08 03:00:01'),
(66, 72, 'Maurine Leffler', 'Vitae cumque enim voluptatibus debitis fuga laboriosam sunt. At natus ut voluptatem alias libero cum aut. Aut iusto velit est. Quo temporibus dolore enim explicabo alias.', 4, '2020-01-08 03:00:01', '2020-01-08 03:00:01'),
(67, 25, 'Prof. Ervin Pacocha IV', 'Perspiciatis ipsa eum non qui enim quod. Possimus dolor qui ab animi omnis sed. Aut expedita dolore et vitae sit est. Doloremque aperiam dolorum at.', 4, '2020-01-08 03:00:01', '2020-01-08 03:00:01'),
(68, 73, 'Noe Blick III', 'Accusantium doloribus earum sed quis. Sapiente amet ea dolorum veniam consectetur aut. Sit expedita et explicabo voluptates fugit nobis non eius.', 5, '2020-01-08 03:00:01', '2020-01-08 03:00:01'),
(69, 39, 'Charley Renner', 'Possimus impedit omnis id autem expedita inventore omnis. Earum libero optio dolores qui labore fugit culpa. Vitae qui aliquam ea aspernatur praesentium.', 2, '2020-01-08 03:00:01', '2020-01-08 03:00:01'),
(70, 71, 'Amos VonRueden', 'Nihil id soluta nemo fugiat consequatur ea. Iusto aspernatur excepturi alias omnis. Quo aut quis quos. Quia iure consectetur voluptas ut ad omnis.', 3, '2020-01-08 03:00:01', '2020-01-08 03:00:01'),
(71, 17, 'Domenica Williamson', 'Impedit aspernatur non qui praesentium non maxime. Omnis rerum nobis iure ex fugit. At fugit impedit dolor omnis quo asperiores et. Beatae ipsa nostrum velit eum recusandae.', 0, '2020-01-08 03:00:01', '2020-01-08 03:00:01'),
(72, 63, 'Mrs. Crystel Abshire', 'Est possimus non sed hic. Totam tempora et quia et ut ut voluptate. Molestiae est molestiae consequuntur distinctio. Accusantium consequatur eos ad autem natus eum fuga. Modi illo voluptatem voluptates.', 5, '2020-01-08 03:00:01', '2020-01-08 03:00:01'),
(73, 38, 'Pierre Frami DVM', 'Non enim debitis sed iusto. Et nihil animi animi quia et et. Ut consequatur odit et repudiandae.', 2, '2020-01-08 03:00:01', '2020-01-08 03:00:01'),
(74, 35, 'Imogene Lang', 'Ratione exercitationem provident quis rerum. Dolor vitae perferendis error repudiandae et incidunt. Voluptas ea animi provident cupiditate laudantium recusandae.', 0, '2020-01-08 03:00:01', '2020-01-08 03:00:01'),
(75, 22, 'Heather Braun', 'Praesentium magnam animi et. Architecto ducimus blanditiis repellat vel et occaecati. Et quos non voluptatum ratione.', 2, '2020-01-08 03:00:01', '2020-01-08 03:00:01'),
(76, 70, 'Marcelino Kub', 'Voluptatem corporis et necessitatibus culpa qui et qui. Aut eius adipisci impedit eaque eum reiciendis dolores. Ipsam unde sapiente non voluptatem accusamus. Error nemo dignissimos ab tempora. Quia quidem esse iusto.', 1, '2020-01-08 03:00:01', '2020-01-08 03:00:01'),
(77, 31, 'Halle Douglas DVM', 'Dignissimos vel similique consequuntur non possimus impedit. Voluptatum quia quo reprehenderit dolor architecto maiores vel eaque. Saepe dolorem odit consequatur accusamus. Consectetur dignissimos eveniet molestiae quisquam.', 4, '2020-01-08 03:00:01', '2020-01-08 03:00:01'),
(78, 55, 'Dr. Finn Gorczany', 'Quas dicta dicta ullam voluptatum est. Voluptas quae totam ullam.', 1, '2020-01-08 03:00:01', '2020-01-08 03:00:01'),
(79, 99, 'Dr. Sabina Ferry I', 'Aut voluptates consequuntur explicabo assumenda et possimus in. Ea occaecati nulla sit hic consequuntur.', 4, '2020-01-08 03:00:01', '2020-01-08 03:00:01'),
(80, 58, 'Delbert Jacobs', 'Sit ex et voluptatum et laudantium. Possimus laboriosam id magnam numquam beatae sed dolore.', 4, '2020-01-08 03:00:01', '2020-01-08 03:00:01'),
(81, 78, 'Mr. Adriel Altenwerth II', 'Quibusdam qui neque exercitationem optio. Voluptates ut similique quod corporis qui. Dolore ut aut aliquid fuga voluptatem. Harum ducimus pariatur provident nemo aut doloribus ut.', 4, '2020-01-08 03:00:01', '2020-01-08 03:00:01'),
(82, 30, 'Elna Hintz', 'Omnis in rem incidunt ad autem ratione labore ut. At est provident eos accusantium temporibus recusandae necessitatibus vel.', 3, '2020-01-08 03:00:01', '2020-01-08 03:00:01'),
(83, 15, 'Lea Russel', 'Veritatis quia ea ratione repellat quaerat. Voluptas consectetur voluptatibus debitis hic. Odit rerum expedita sit similique. Fugiat enim atque ratione dolorem qui et.', 3, '2020-01-08 03:00:01', '2020-01-08 03:00:01'),
(84, 85, 'Gay Nienow', 'Similique consequatur aut et. Alias id unde enim et explicabo. Placeat omnis aliquam et quod veritatis eos cumque facere.', 4, '2020-01-08 03:00:01', '2020-01-08 03:00:01'),
(85, 73, 'Maye Bayer I', 'Dolore illum quo distinctio aut blanditiis. Quos mollitia sunt molestiae error mollitia dolores nemo. Sit tenetur necessitatibus aliquid est porro. Harum aliquid porro eius fuga cupiditate ab. Id et et ipsam qui.', 4, '2020-01-08 03:00:01', '2020-01-08 03:00:01'),
(86, 68, 'Prof. Jermey Crona I', 'Dignissimos libero commodi repellendus ut praesentium quibusdam. Sed aperiam quo rerum quia omnis et. Accusamus voluptatem expedita ratione sequi occaecati id autem. Qui et iure aut quos harum minima.', 5, '2020-01-08 03:00:01', '2020-01-08 03:00:01'),
(87, 18, 'Dr. Martina Stiedemann II', 'Sint et at qui. Sed delectus omnis voluptatem nihil. Itaque rerum eius debitis quis asperiores pariatur. Blanditiis eum dolor quos quasi cumque eum.', 5, '2020-01-08 03:00:01', '2020-01-08 03:00:01'),
(88, 61, 'Queenie Douglas PhD', 'Et voluptatem aliquid tempora aliquid distinctio error repellendus. A voluptatem est est voluptate. Est neque et ratione maxime voluptas et.', 2, '2020-01-08 03:00:01', '2020-01-08 03:00:01'),
(89, 71, 'Juanita Wunsch', 'Ipsum hic porro facilis. Perspiciatis eum ipsa adipisci quo ut ea.', 3, '2020-01-08 03:00:01', '2020-01-08 03:00:01'),
(90, 72, 'Novella Zemlak', 'Voluptatem quisquam quasi quo. Voluptatem quo quo est sapiente consequatur quia vel ipsa. Minima non quis eaque.', 5, '2020-01-08 03:00:01', '2020-01-08 03:00:01'),
(91, 17, 'Muriel Koss', 'Accusamus qui rerum dolores et natus velit. Dolores dignissimos deleniti ipsam adipisci. Nemo deleniti atque odio. Adipisci minus et explicabo quis.', 3, '2020-01-08 03:00:01', '2020-01-08 03:00:01'),
(92, 20, 'Leslie Mann', 'Odio excepturi unde eum tenetur corrupti sed est. Fuga dolorem vitae ut vel quia laboriosam officiis. Rerum velit commodi illum dolorem illum eum fugit.', 5, '2020-01-08 03:00:01', '2020-01-08 03:00:01'),
(93, 25, 'Jules Beatty', 'Dolorum sed et placeat minima. Molestiae fugiat sed dicta ut ab vero quod. Totam officiis hic eum cupiditate.', 3, '2020-01-08 03:00:02', '2020-01-08 03:00:02'),
(94, 46, 'Prof. Brody Bradtke', 'Quo sunt officia aliquid quia non sunt. Sunt sit tenetur deleniti voluptas asperiores fuga quaerat.', 5, '2020-01-08 03:00:02', '2020-01-08 03:00:02'),
(95, 97, 'Dr. Marlen Wintheiser PhD', 'Illum et rem aut autem perferendis quae. Omnis assumenda quas vel omnis soluta atque. Qui accusantium quis ratione. Ullam quod dolores ullam officia autem ipsam quia. Soluta repellendus sed sed est eius quisquam.', 5, '2020-01-08 03:00:02', '2020-01-08 03:00:02'),
(96, 75, 'Columbus Hyatt', 'Dolorem voluptas quas nihil assumenda quasi minus. Maxime dolor quod a nobis modi. Laudantium nihil doloribus sunt temporibus dicta molestiae doloremque.', 0, '2020-01-08 03:00:02', '2020-01-08 03:00:02'),
(97, 29, 'Kattie Emard PhD', 'Minima ipsam et ad est. Dolores molestias ipsam totam. Voluptatem et itaque numquam enim reprehenderit officia.', 4, '2020-01-08 03:00:02', '2020-01-08 03:00:02'),
(98, 88, 'Eliseo Witting', 'Aperiam mollitia omnis quia et facere aut est. Veniam deleniti eius ab ea. Qui alias non qui ipsum enim expedita dolore. Iure dolorem amet corporis aut et sapiente ipsum.', 4, '2020-01-08 03:00:02', '2020-01-08 03:00:02'),
(99, 54, 'Adeline Klocko DDS', 'Pariatur soluta aliquam inventore neque dolores. Sint occaecati alias et quia ullam recusandae deleniti iure. Sed mollitia aspernatur suscipit officia nostrum. Quasi et eos voluptas quibusdam.', 5, '2020-01-08 03:00:02', '2020-01-08 03:00:02'),
(100, 81, 'Randall Luettgen', 'Unde voluptas eius incidunt suscipit possimus. Blanditiis dolor hic doloribus accusamus pariatur. Accusantium sunt sequi est pariatur. Ut omnis aut autem ut atque.', 2, '2020-01-08 03:00:02', '2020-01-08 03:00:02'),
(101, 68, 'Verla Lebsack', 'Architecto eum maiores sequi explicabo laboriosam. Mollitia laborum velit velit ducimus. Vel nesciunt itaque repellat animi illum nam.', 4, '2020-01-08 03:00:02', '2020-01-08 03:00:02'),
(102, 38, 'Chandler Koss', 'Aliquid velit est et itaque esse autem. Iste eius quia aut dolor ipsa. Error vel qui nihil qui voluptatem facilis voluptas. Enim aperiam et voluptas sit.', 4, '2020-01-08 03:00:02', '2020-01-08 03:00:02'),
(103, 82, 'Izabella Johns', 'Fugit quod voluptas sequi qui sit minima sit. Ut dolorem debitis velit ipsum delectus enim voluptas aliquid. Repellat iure magnam quia assumenda rerum id voluptatem cum. Eos sit non pariatur maxime ea qui omnis.', 0, '2020-01-08 03:00:02', '2020-01-08 03:00:02'),
(104, 67, 'Jack Zulauf IV', 'Officia magni voluptatibus voluptatum necessitatibus consequatur tenetur. Hic delectus accusamus est earum. Magnam praesentium est dolores sint quo ullam voluptatem. Vero et iste sint.', 2, '2020-01-08 03:00:02', '2020-01-08 03:00:02'),
(105, 60, 'Bernadine Jacobs Sr.', 'Placeat consequatur molestias aut explicabo possimus. Quia sit iure nam. Sint dolor omnis ea distinctio est officiis.', 5, '2020-01-08 03:00:02', '2020-01-08 03:00:02'),
(106, 62, 'Brandyn Ebert', 'Veniam quisquam quis voluptate at. Repellendus quasi adipisci totam voluptatem. Sequi cum quis amet ut. Et et fugit consequatur eos.', 5, '2020-01-08 03:00:02', '2020-01-08 03:00:02'),
(107, 45, 'Dr. Keshaun Hudson Jr.', 'Consequatur qui voluptas illum et eum provident nihil. Iure ex animi aliquam eum. Repudiandae est illo et delectus ex.', 2, '2020-01-08 03:00:02', '2020-01-08 03:00:02'),
(108, 17, 'Aisha Shields', 'Facere in facere deleniti est quia aspernatur. Occaecati eos eum ex voluptatem error quis. Ipsum et quidem cumque repellendus beatae.', 2, '2020-01-08 03:00:02', '2020-01-08 03:00:02'),
(109, 95, 'Anabel Zemlak', 'Corporis ipsam magni id illum cum officiis. Qui laborum dolores vel. Expedita perferendis sunt nemo aliquid nulla.', 4, '2020-01-08 03:00:02', '2020-01-08 03:00:02'),
(110, 59, 'Dena Muller Jr.', 'Rem magnam et minima illum repudiandae. Debitis magnam dolores rerum consequuntur vel. Dolor doloribus totam nesciunt. Et fugit et vel error nesciunt id. Quis exercitationem iusto autem animi mollitia.', 4, '2020-01-08 03:00:02', '2020-01-08 03:00:02'),
(111, 22, 'Aimee Weimann', 'Aut voluptas in unde maiores voluptatum. Beatae et tenetur dolorem enim molestiae rerum. Atque deserunt quae nesciunt ut. Voluptatem animi rerum nemo velit molestiae odit atque.', 3, '2020-01-08 03:00:02', '2020-01-08 03:00:02'),
(112, 37, 'Verna Lesch I', 'Provident corporis mollitia autem tempore est cum. A non eos doloremque porro odit consectetur eum. Quia sed enim rerum enim doloremque.', 2, '2020-01-08 03:00:02', '2020-01-08 03:00:02'),
(113, 33, 'Wendell Tromp', 'Omnis ea sit ab ut aspernatur iure. Quas molestiae minus aut asperiores velit qui. Animi iusto vel nostrum cupiditate consequatur quod.', 1, '2020-01-08 03:00:02', '2020-01-08 03:00:02'),
(114, 100, 'Mrs. Rosemary Von MD', 'Ut veniam praesentium maxime quod explicabo. Odit dolores eos reiciendis dolor magnam aut. Quam dicta possimus aut quae quo ut. Quia eum officia nihil voluptate ut est.', 2, '2020-01-08 03:00:02', '2020-01-08 03:00:02'),
(115, 5, 'Mr. Arturo Torp', 'Necessitatibus est rerum sit sunt omnis aut impedit. Quasi voluptatem omnis voluptas vel dolores. Qui maiores odio alias nesciunt blanditiis animi. Atque molestias dolorem est explicabo et ea numquam autem.', 2, '2020-01-08 03:00:02', '2020-01-08 03:00:02'),
(116, 58, 'Sebastian Koss', 'Asperiores quos dolorem eum nam aut a voluptatum aut. Dolorum sit id ut molestiae velit. Dolores et et architecto.', 0, '2020-01-08 03:00:02', '2020-01-08 03:00:02'),
(117, 64, 'Titus Murazik V', 'Recusandae adipisci doloribus inventore earum ut. Ducimus voluptate sed aliquid odio consectetur saepe consectetur. Unde sed temporibus id recusandae omnis labore quisquam dolorem. Quia ad aut labore aut ratione.', 1, '2020-01-08 03:00:02', '2020-01-08 03:00:02'),
(118, 21, 'Dr. Janet Cummerata', 'Omnis explicabo odit eos ut non. Maxime ipsa voluptas officiis aperiam.', 2, '2020-01-08 03:00:02', '2020-01-08 03:00:02'),
(119, 48, 'Miss Arianna Koss Jr.', 'Possimus enim quis error error sint. Autem quas est nemo assumenda nihil. Voluptas est quo cum excepturi. Ut vero sed dolores provident qui.', 1, '2020-01-08 03:00:02', '2020-01-08 03:00:02'),
(120, 43, 'Romaine Halvorson V', 'Ad ut hic eaque praesentium similique rerum voluptates ipsum. Iusto et et eum est minima velit.', 4, '2020-01-08 03:00:02', '2020-01-08 03:00:02'),
(121, 8, 'Mr. Dock Koepp II', 'Velit voluptatem nulla officiis commodi. Officia in quaerat ut nobis optio eveniet. Hic officia est exercitationem dicta dolores repellat.', 0, '2020-01-08 03:00:02', '2020-01-08 03:00:02'),
(122, 27, 'Kamille Feil', 'Aut aliquid molestiae quos repellat consequuntur. Quas et deserunt voluptatem quia necessitatibus enim. Omnis non officiis voluptate distinctio. Temporibus voluptatum itaque voluptate natus.', 2, '2020-01-08 03:00:02', '2020-01-08 03:00:02'),
(123, 27, 'Adonis Ritchie', 'Culpa cupiditate mollitia est sed. Rerum dolor magni maiores vel ea. Aut eum rerum voluptatem ut consequatur facilis quia. Facere eaque aut hic sit beatae.', 4, '2020-01-08 03:00:02', '2020-01-08 03:00:02'),
(124, 97, 'Savanah Ryan', 'Vel explicabo perspiciatis odio qui et. Quam illum perferendis porro sint temporibus repudiandae quas. Et quia rerum quos eos.', 1, '2020-01-08 03:00:02', '2020-01-08 03:00:02'),
(125, 29, 'Therese Raynor', 'Labore nulla quaerat rerum esse facere distinctio. Architecto repudiandae aperiam qui praesentium officia et veritatis sed. Officia nulla exercitationem magnam saepe praesentium. Quas voluptatem sit est architecto quo modi id quia.', 3, '2020-01-08 03:00:02', '2020-01-08 03:00:02'),
(126, 69, 'Dr. Shanie Hauck PhD', 'Molestiae voluptate hic voluptatum ea sunt odio est. Aliquam harum voluptas dolores optio magni. Ipsa dolore ut omnis dicta omnis. Unde vel sed esse sint exercitationem officiis ut.', 1, '2020-01-08 03:00:02', '2020-01-08 03:00:02'),
(127, 75, 'Esther Schroeder', 'Quia ut nulla accusamus similique id minima. Voluptates deserunt assumenda doloremque dolor blanditiis quia.', 1, '2020-01-08 03:00:02', '2020-01-08 03:00:02'),
(128, 36, 'Miss Nikita Leannon', 'Non eveniet harum ipsam iusto. Enim assumenda corporis ad voluptas veritatis debitis harum. Corporis voluptatem beatae numquam ut.', 1, '2020-01-08 03:00:02', '2020-01-08 03:00:02'),
(129, 47, 'Mrs. Theresa Kuhic MD', 'Praesentium cum ad neque rem laborum. Distinctio expedita accusamus rerum iste et labore deserunt. Libero aut ex et est in dicta aperiam autem. Blanditiis odio quia ex rerum necessitatibus.', 3, '2020-01-08 03:00:02', '2020-01-08 03:00:02'),
(130, 7, 'Tabitha Rolfson', 'Ut qui quod officiis officia placeat. Sequi inventore corrupti ipsam voluptate voluptatum. Quisquam excepturi voluptatem error ad non est. Inventore et cum reprehenderit similique consequatur sit.', 4, '2020-01-08 03:00:02', '2020-01-08 03:00:02'),
(131, 88, 'Zoey Adams', 'Et ab minima quae omnis fugiat. Omnis qui ipsum exercitationem rem amet. Dolores molestias officia tenetur.', 4, '2020-01-08 03:00:02', '2020-01-08 03:00:02'),
(132, 14, 'Angelo Runolfsson PhD', 'Accusantium sequi sapiente occaecati ut nostrum voluptas sed. Eos consectetur voluptatem quidem perspiciatis. Ipsum eveniet odit magnam atque repellendus.', 3, '2020-01-08 03:00:02', '2020-01-08 03:00:02'),
(133, 64, 'Prof. Mallory Satterfield MD', 'Et sunt velit totam. Neque similique sed quas quaerat aut amet. Incidunt sit dolores voluptas.', 3, '2020-01-08 03:00:02', '2020-01-08 03:00:02'),
(134, 69, 'Skyla Stiedemann', 'Et cum perspiciatis suscipit. Rerum molestiae voluptatibus quam accusamus enim. Inventore molestias corrupti non et quod id. Ullam molestiae commodi quod quisquam ipsa optio.', 1, '2020-01-08 03:00:02', '2020-01-08 03:00:02'),
(135, 66, 'Dana Borer', 'Quo perspiciatis similique rerum dicta qui ipsum aut. Quae voluptatem debitis ullam dolor. Dolor quasi nihil quia vel cumque. Minima iusto est quia laboriosam perferendis nostrum.', 3, '2020-01-08 03:00:02', '2020-01-08 03:00:02'),
(136, 70, 'Elissa Wunsch', 'Possimus molestias qui aperiam dolorem minus iste aliquid. Recusandae aut quo ipsam ut. Ut velit nisi quasi facilis nobis aliquid.', 4, '2020-01-08 03:00:02', '2020-01-08 03:00:02'),
(137, 6, 'Kiarra Dicki DVM', 'Illo non ut nemo eum. Officiis ducimus est ad aliquam eos vel autem velit.', 2, '2020-01-08 03:00:02', '2020-01-08 03:00:02'),
(138, 27, 'Gage Cole', 'Maxime est enim est est non. Quae voluptas non debitis. Voluptate debitis sint a corrupti voluptatem.', 4, '2020-01-08 03:00:02', '2020-01-08 03:00:02'),
(139, 28, 'Roosevelt Christiansen', 'Et officiis minus iusto quae ut fugit voluptas. Laudantium dolor ipsum modi tenetur et accusantium natus iure. Necessitatibus et doloremque officiis laborum. Inventore atque ratione distinctio nam.', 5, '2020-01-08 03:00:02', '2020-01-08 03:00:02'),
(140, 39, 'Devante Kub', 'Earum similique saepe sit cum. Explicabo quasi nihil voluptatem sit id nihil. Molestiae similique repellat architecto. Aut voluptatibus sunt atque dolores aut quis ut voluptatem.', 0, '2020-01-08 03:00:02', '2020-01-08 03:00:02'),
(141, 86, 'Joy Conroy', 'Earum rem officiis veritatis praesentium voluptas voluptatem. Et est molestiae dolorem alias perspiciatis optio omnis. Rerum a libero dolorum laudantium.', 2, '2020-01-08 03:00:02', '2020-01-08 03:00:02'),
(142, 54, 'Elise Lowe', 'Dolorem doloribus qui modi itaque dolores voluptatum et. Impedit tempora et quae incidunt quae et. Magnam tempora magni et aliquid fugiat minima unde. Magni doloremque aut dolorem corrupti repellendus iste.', 0, '2020-01-08 03:00:02', '2020-01-08 03:00:02'),
(143, 40, 'Travon Durgan', 'Itaque ut ab exercitationem saepe minima nihil. Aut eos quis vitae laudantium officia commodi quod in. Quia et recusandae voluptatibus omnis aut et adipisci delectus. Quo quia qui et laboriosam.', 4, '2020-01-08 03:00:02', '2020-01-08 03:00:02'),
(144, 76, 'Prof. Vincenza Ullrich Sr.', 'Incidunt sed dignissimos fugiat corrupti et modi quas. Quis reiciendis praesentium qui consequatur. Qui perferendis assumenda nemo odio error qui.', 0, '2020-01-08 03:00:02', '2020-01-08 03:00:02'),
(145, 78, 'Dr. Lola Shields', 'Atque id cumque earum enim quis ipsum. Laboriosam aut tempora dolorem voluptas. Quia porro fuga recusandae quia reprehenderit est. Dolore impedit vel aspernatur velit commodi consequuntur.', 3, '2020-01-08 03:00:02', '2020-01-08 03:00:02'),
(146, 4, 'Toy Rempel', 'Rerum officiis illum sint aut praesentium aut pariatur. Numquam et quia autem.', 0, '2020-01-08 03:00:02', '2020-01-08 03:00:02'),
(147, 32, 'Lenna Fadel', 'Necessitatibus voluptas a modi est eveniet eos. Atque blanditiis eos dicta autem non consequuntur et. Rerum commodi earum laborum nihil. Sed dolor facere corporis consectetur.', 0, '2020-01-08 03:00:02', '2020-01-08 03:00:02'),
(148, 67, 'Lorenzo Schoen DVM', 'Error quam fuga consequuntur qui sequi ipsa. Illo quia voluptas cumque quos ipsum autem ratione cum. Ut sunt voluptatem aut cumque.', 5, '2020-01-08 03:00:02', '2020-01-08 03:00:02'),
(149, 88, 'Dr. Alphonso Denesik DDS', 'Nulla quis quae itaque. Nisi maxime quos quia. Sit accusantium eaque dolorem eaque ullam consequatur dolores.', 2, '2020-01-08 03:00:02', '2020-01-08 03:00:02'),
(150, 44, 'Prof. Neil Hansen', 'Dignissimos consequatur laboriosam non inventore laborum praesentium. Exercitationem eius repudiandae dolorum perspiciatis. Voluptatem modi id sapiente aliquid neque corrupti. Voluptas doloribus et mollitia repellat cumque.', 4, '2020-01-08 03:00:02', '2020-01-08 03:00:02'),
(151, 34, 'Ms. Maximillia DuBuque', 'Qui earum eveniet voluptatem. Modi in magni dolorum quo voluptas qui impedit corporis. Est velit ullam quia officiis numquam adipisci necessitatibus non. Suscipit est id sint.', 1, '2020-01-08 03:00:02', '2020-01-08 03:00:02'),
(152, 27, 'Jarrett Hilpert', 'Dolores dolorem voluptas recusandae in sed ipsa aspernatur. Autem consequatur sint reiciendis consectetur delectus. Quo ipsum aspernatur explicabo in et. Id provident eligendi voluptates nihil dolor distinctio. Placeat reiciendis maxime rem voluptatibus deserunt beatae.', 3, '2020-01-08 03:00:02', '2020-01-08 03:00:02'),
(153, 85, 'Rigoberto Mann III', 'Quo deleniti odit iusto aliquid expedita adipisci accusamus. Facilis error et ullam ad aspernatur debitis. Id sed provident praesentium exercitationem nostrum est dolor.', 3, '2020-01-08 03:00:02', '2020-01-08 03:00:02'),
(154, 68, 'Broderick Spencer', 'Officiis ab totam neque eius voluptatum non. Ut sed nesciunt dolore dolor. Corporis eius enim quibusdam qui.', 5, '2020-01-08 03:00:02', '2020-01-08 03:00:02'),
(155, 68, 'Kallie Maggio', 'Illo dolor tempore quod nihil sequi harum. Sunt voluptatum iusto perspiciatis.', 2, '2020-01-08 03:00:02', '2020-01-08 03:00:02'),
(156, 19, 'Margarete Denesik III', 'Est quia corporis et voluptatem. Tenetur at aspernatur animi aut. Laborum possimus aliquid et.', 2, '2020-01-08 03:00:02', '2020-01-08 03:00:02'),
(157, 65, 'Bella Zboncak', 'Vitae adipisci ullam est cupiditate ex. Quam consectetur sed eaque. Molestias maxime ut deserunt quia. Reprehenderit quis quo alias rerum et et. Impedit aperiam quaerat quibusdam explicabo eum quas.', 3, '2020-01-08 03:00:02', '2020-01-08 03:00:02'),
(158, 92, 'Monserrat Wilkinson', 'Harum quia eum fugit quos saepe. Nihil ducimus perferendis at et illum maxime. Ipsum ut alias aut. Eveniet est vel ipsam velit aut est esse.', 2, '2020-01-08 03:00:02', '2020-01-08 03:00:02'),
(159, 26, 'Dr. Lyla Wintheiser MD', 'Maiores recusandae delectus molestiae est. Sit ipsa ipsum ipsum deleniti nam. Voluptatum voluptatem eveniet eligendi quia qui voluptatem.', 5, '2020-01-08 03:00:02', '2020-01-08 03:00:02'),
(160, 17, 'Andrew O\'Connell', 'Id odio facilis unde repellat harum aut blanditiis. Vero temporibus aut non rerum. Tempora qui rem voluptas hic sequi accusamus. Voluptas est quos quia.', 5, '2020-01-08 03:00:02', '2020-01-08 03:00:02'),
(161, 79, 'Shanna Beer', 'Error eum quae a repudiandae aperiam accusamus. Aperiam excepturi provident ipsam ab autem molestiae. Et ab tempore in aut quas iusto ea. Velit enim rerum ut quasi et nisi.', 3, '2020-01-08 03:00:02', '2020-01-08 03:00:02'),
(162, 63, 'Flossie Jacobson', 'Vel aperiam ut incidunt voluptatem. Quia vitae qui ducimus quia. Atque et placeat expedita voluptates earum modi molestias delectus.', 5, '2020-01-08 03:00:02', '2020-01-08 03:00:02'),
(163, 41, 'Dr. Krystel Kris', 'Quia sunt eaque nihil velit hic eius quae omnis. Atque iste quos quia non quo. Error dolor beatae rem. Ea maiores atque earum sapiente suscipit et eaque.', 5, '2020-01-08 03:00:02', '2020-01-08 03:00:02'),
(164, 76, 'Glennie Lebsack', 'Quis alias et tempora consequuntur voluptatibus. Minus unde excepturi suscipit necessitatibus. Ad deserunt voluptas et et.', 2, '2020-01-08 03:00:02', '2020-01-08 03:00:02'),
(165, 72, 'Viva Stamm', 'Qui sequi velit facilis a at. Sit dolorem non omnis quas totam. Expedita aperiam vel repudiandae distinctio id. Eum quisquam eaque eligendi odit quo quia aut.', 2, '2020-01-08 03:00:02', '2020-01-08 03:00:02'),
(166, 24, 'Kurtis Zieme', 'Et optio iure labore odit quisquam eum. Aut error facilis molestiae sint voluptates ducimus dignissimos. Laborum est voluptatem est autem voluptatem aut ad.', 3, '2020-01-08 03:00:02', '2020-01-08 03:00:02'),
(167, 37, 'Seth Bayer', 'Vero odit maiores voluptas necessitatibus aliquid dicta nisi. Asperiores maiores laboriosam corrupti eos. Dolorum possimus corporis dolores. Velit quidem voluptates eveniet dolor.', 0, '2020-01-08 03:00:02', '2020-01-08 03:00:02'),
(168, 9, 'Anthony Schaefer', 'Quae velit error ut voluptatem dolores quis. In molestias veniam autem autem qui omnis. Velit ut aut porro dolores doloremque ut aut esse.', 0, '2020-01-08 03:00:02', '2020-01-08 03:00:02'),
(169, 31, 'Eriberto Brown', 'Sit quo excepturi doloremque autem tempora commodi omnis praesentium. Inventore dignissimos quam est esse sunt explicabo. Amet expedita ipsa eum quae.', 5, '2020-01-08 03:00:02', '2020-01-08 03:00:02'),
(170, 65, 'Orie Lesch', 'Voluptatem accusamus corporis ullam quis. Quod vel quae beatae sint quis laudantium. Est aut vel quia nemo voluptatem.', 5, '2020-01-08 03:00:02', '2020-01-08 03:00:02'),
(171, 19, 'Wiley Reinger', 'Qui qui eum officiis pariatur id hic expedita. Fugit occaecati quis nobis nemo maiores.', 5, '2020-01-08 03:00:02', '2020-01-08 03:00:02'),
(172, 45, 'Nayeli Daniel', 'Occaecati necessitatibus in asperiores veritatis ad voluptas soluta. Consequatur deleniti sed iure soluta nostrum nam. Et quia sint eum eum ipsam numquam. Debitis officiis iusto sequi non dolorum. Impedit sit incidunt dolore reprehenderit fugiat ut laudantium.', 1, '2020-01-08 03:00:02', '2020-01-08 03:00:02'),
(173, 48, 'Jeanette Rice IV', 'Nobis alias architecto repellat distinctio molestiae rerum. Perspiciatis dolor aspernatur distinctio voluptas distinctio. Ullam reprehenderit nostrum eum voluptas.', 1, '2020-01-08 03:00:02', '2020-01-08 03:00:02'),
(174, 87, 'Prof. Bridget Parker', 'Dicta harum sint minus et repudiandae. Ad sit ut voluptatem qui eveniet officia quam officia. Maxime asperiores voluptates soluta. Consectetur sed voluptas omnis id qui iure suscipit voluptatibus.', 4, '2020-01-08 03:00:02', '2020-01-08 03:00:02'),
(175, 10, 'Mrs. Emmalee Schiller', 'Animi accusantium tenetur laudantium voluptatem officia veniam. Et veritatis quasi dolore enim rerum autem. Occaecati et accusamus quia autem dolorem id odio. Consequuntur maxime occaecati enim exercitationem odit cumque quisquam voluptas.', 3, '2020-01-08 03:00:02', '2020-01-08 03:00:02'),
(176, 24, 'Miss Cortney Stroman', 'Molestiae exercitationem ullam reprehenderit id fugiat sunt. Id in iusto reiciendis quis. Placeat ea iusto est cum hic.', 0, '2020-01-08 03:00:02', '2020-01-08 03:00:02'),
(177, 34, 'Dashawn Daugherty', 'Dignissimos veritatis saepe aut velit sequi temporibus. Possimus molestiae et omnis repellendus. Vero asperiores omnis voluptatem libero. Assumenda sint magni qui cupiditate autem ipsa vel suscipit.', 2, '2020-01-08 03:00:02', '2020-01-08 03:00:02'),
(178, 29, 'Mrs. Loyce Quigley PhD', 'In nulla voluptatem fugit deserunt. Animi est pariatur rerum est ipsum et et. At odio animi possimus consectetur laboriosam modi et. Eum molestiae culpa voluptatem assumenda occaecati est maiores.', 2, '2020-01-08 03:00:02', '2020-01-08 03:00:02'),
(179, 51, 'Prof. Pascale Frami I', 'Ratione aspernatur voluptatem enim. Rerum aut nihil eveniet velit tempora nihil. Vero fugit ut sunt ut dignissimos. Impedit provident itaque dignissimos incidunt sit aut velit. Et aut ad amet omnis eveniet voluptas.', 1, '2020-01-08 03:00:02', '2020-01-08 03:00:02'),
(180, 1, 'Lucile Buckridge PhD', 'Et sint magni qui quo sequi delectus cum. Vero minus aperiam modi praesentium illo. Perferendis occaecati in ipsam soluta hic.', 0, '2020-01-08 03:00:02', '2020-01-08 03:00:02'),
(181, 98, 'Joyce Schuster', 'Illo et facilis deleniti iste voluptatibus aliquid. Explicabo voluptas sint nemo. Autem rerum explicabo laborum doloremque sint magni magni necessitatibus. Incidunt eos omnis nesciunt ea.', 2, '2020-01-08 03:00:02', '2020-01-08 03:00:02'),
(182, 47, 'Dasia Wolf', 'Illum totam ratione sint aut aliquam. Accusantium possimus nobis consequatur ut dolores sit hic. Ipsum sequi atque sit repellat unde. Dolorem in vel et labore aut ab amet.', 4, '2020-01-08 03:00:02', '2020-01-08 03:00:02'),
(183, 33, 'Beryl Cruickshank', 'Sint ex itaque ad autem veritatis voluptates. Maiores rerum neque ducimus quia et libero. Consequuntur incidunt eos magnam qui non reiciendis. Ut ut itaque illo quasi temporibus assumenda nesciunt.', 4, '2020-01-08 03:00:02', '2020-01-08 03:00:02'),
(184, 51, 'Ms. Emelie Hane', 'Numquam nobis accusamus enim qui et. Odit recusandae doloremque sapiente adipisci modi eos sed ut. Ad ipsum amet sit reiciendis cum qui. At architecto labore laudantium qui sit.', 1, '2020-01-08 03:00:02', '2020-01-08 03:00:02'),
(185, 20, 'Lura Hoppe', 'Enim at assumenda autem consequatur quia. Exercitationem a consequatur eos ipsa. Eum facilis ullam dignissimos nihil doloremque.', 2, '2020-01-08 03:00:02', '2020-01-08 03:00:02'),
(186, 44, 'Dr. Veda Sporer', 'Omnis quia perspiciatis deserunt vel sit maiores laboriosam. Temporibus a omnis quidem tempora aut est.', 3, '2020-01-08 03:00:02', '2020-01-08 03:00:02'),
(187, 2, 'Ulices Nicolas', 'Quae velit sed expedita aut ea ex. Rerum ut nobis suscipit vitae sint qui et. Voluptatem laboriosam ut dignissimos enim et quo ea. Consequuntur et expedita corrupti ad adipisci laborum.', 0, '2020-01-08 03:00:02', '2020-01-08 03:00:02'),
(188, 59, 'Mr. Tyrese Kovacek V', 'Dolor natus laborum quisquam quia sunt. Quisquam dolore velit et quod deleniti sapiente nisi. Illo et dolores ducimus enim ut.', 5, '2020-01-08 03:00:02', '2020-01-08 03:00:02'),
(189, 100, 'Nash Gutmann', 'Et laboriosam eum praesentium molestias ea omnis maiores. Amet delectus unde illum recusandae. Ipsum laudantium sit officia ducimus.', 2, '2020-01-08 03:00:02', '2020-01-08 03:00:02'),
(190, 43, 'Dr. Nestor Schoen PhD', 'Quasi libero eum architecto similique. Blanditiis consectetur culpa ad alias ut sit mollitia. Dolores autem non eos hic et.', 0, '2020-01-08 03:00:02', '2020-01-08 03:00:02'),
(191, 47, 'Shirley Langworth V', 'Omnis itaque quis molestiae impedit. Numquam architecto fuga adipisci odit. Maxime quia provident neque in quos repellat doloremque. Fugit quaerat voluptas est ea iure.', 4, '2020-01-08 03:00:02', '2020-01-08 03:00:02'),
(192, 44, 'Prof. Edmund Hand MD', 'Reprehenderit nisi non eos quod ipsum. Ut repellendus voluptatem sequi aut ipsam ea. Est suscipit possimus possimus numquam pariatur. Quidem rerum quo expedita ut sapiente ab.', 0, '2020-01-08 03:00:02', '2020-01-08 03:00:02'),
(193, 49, 'Adrianna Labadie', 'Veniam dolore quasi ut earum qui molestiae. Nihil voluptas dolorem voluptatem et neque accusantium. Eius voluptate aut deserunt id odio. Illo necessitatibus voluptatem voluptatem amet. Eius quod est est incidunt.', 4, '2020-01-08 03:00:02', '2020-01-08 03:00:02'),
(194, 86, 'Alec Hodkiewicz', 'Sunt adipisci quia ad nihil asperiores deleniti dolores. Quia rem aut aliquid enim maxime temporibus. Et velit est molestiae laborum distinctio dolores ullam. Qui dicta dicta officia perspiciatis.', 3, '2020-01-08 03:00:02', '2020-01-08 03:00:02'),
(195, 86, 'Karlie Schmeler', 'Veniam animi non facilis odit id molestiae impedit. Sed consequatur ratione nulla omnis veritatis qui sint. Ut omnis eos repellendus. Occaecati ab aut adipisci mollitia.', 1, '2020-01-08 03:00:02', '2020-01-08 03:00:02'),
(196, 22, 'Margarita Koelpin', 'Ut velit repellendus praesentium nostrum sit. Aperiam sed harum vero est sed maxime sit et. Suscipit necessitatibus eos laborum sit ad non assumenda iure. Voluptatem laudantium repudiandae sint maiores atque consequuntur.', 1, '2020-01-08 03:00:02', '2020-01-08 03:00:02'),
(197, 13, 'Nettie Trantow', 'Quae ab vero aliquid molestiae ut vel facere. Qui sit provident placeat voluptas. Est odio enim tenetur voluptas omnis sint dolore. Voluptas omnis reiciendis magni aspernatur distinctio.', 2, '2020-01-08 03:00:02', '2020-01-08 03:00:02'),
(198, 49, 'Jaunita Wilkinson', 'Corporis cupiditate et est expedita consequatur laboriosam. Voluptatum magnam eum est quibusdam officiis nemo enim. A ut dolor vero temporibus. Facilis voluptatem quia eius.', 5, '2020-01-08 03:00:02', '2020-01-08 03:00:02'),
(199, 54, 'Frederick Ortiz', 'Et esse quo nostrum iste accusamus exercitationem. Vero est ex sint sint est eos. Porro fugit magni modi ipsum eum facere totam. Quis provident dicta recusandae dolores.', 2, '2020-01-08 03:00:02', '2020-01-08 03:00:02'),
(200, 99, 'Dr. Hugh Toy', 'Doloremque incidunt molestias et vel in est. Officiis eaque magni laboriosam et. Voluptatem voluptas occaecati et libero perferendis. Voluptas quos rem esse dolorem exercitationem voluptas perspiciatis.', 5, '2020-01-08 03:00:02', '2020-01-08 03:00:02'),
(201, 67, 'Agnes Satterfield PhD', 'Esse autem excepturi omnis tempore molestias consequuntur in. Amet quia quod voluptatem quaerat. Dolorem voluptas fugit et nihil.', 1, '2020-01-08 03:00:02', '2020-01-08 03:00:02'),
(202, 83, 'Vita Kessler', 'Non non qui rerum aut. Voluptas distinctio doloremque adipisci debitis.', 3, '2020-01-08 03:00:02', '2020-01-08 03:00:02'),
(203, 99, 'Vince Mayert IV', 'Consequatur voluptatem aut in dolores quia esse. Eveniet ea amet veritatis hic architecto consequatur qui et. Est sunt esse est rerum porro sunt.', 0, '2020-01-08 03:00:02', '2020-01-08 03:00:02'),
(204, 90, 'Clyde Leffler V', 'Perspiciatis voluptatem eligendi nobis enim eos saepe adipisci culpa. Doloribus neque rerum eum. Omnis provident ut vel est illo. Commodi unde explicabo itaque voluptates veritatis. Quibusdam deleniti reiciendis impedit.', 0, '2020-01-08 03:00:02', '2020-01-08 03:00:02'),
(205, 15, 'Moises Klocko', 'Aut assumenda ullam in. Possimus est ut laudantium minima ex. Impedit occaecati quia ab minima labore cupiditate. Velit sed ut dicta quam asperiores nihil eos.', 5, '2020-01-08 03:00:02', '2020-01-08 03:00:02'),
(206, 80, 'Ophelia Schowalter', 'Maiores pariatur sapiente corporis omnis quibusdam ab magnam. Voluptatem nihil ducimus velit autem odit minus. Qui est repellendus hic laudantium. Excepturi rerum vitae vel nemo quibusdam.', 0, '2020-01-08 03:00:02', '2020-01-08 03:00:02'),
(207, 21, 'Dr. Omari Heathcote Jr.', 'Minus expedita suscipit qui voluptatibus aut quaerat. Et consequuntur et totam molestiae ullam. Ut molestias ut eos cumque. Ut est ad id.', 4, '2020-01-08 03:00:02', '2020-01-08 03:00:02'),
(208, 81, 'Wilhelmine Runte', 'Architecto nobis commodi consectetur ea porro unde. Veritatis dicta ut asperiores libero molestiae eum. Rerum magnam qui porro dignissimos.', 5, '2020-01-08 03:00:02', '2020-01-08 03:00:02'),
(209, 81, 'Dr. Jerrold Bruen IV', 'Nostrum ex et et accusamus molestiae porro qui placeat. Ut distinctio quidem qui veniam. At voluptates sunt optio provident culpa.', 1, '2020-01-08 03:00:02', '2020-01-08 03:00:02'),
(210, 98, 'Axel Gottlieb IV', 'Dolorem est et aut occaecati adipisci iste. Similique et velit et eveniet. Quia nisi et quod blanditiis quod et aut voluptatum. Sint corrupti sit aperiam accusantium dolore ea.', 4, '2020-01-08 03:00:02', '2020-01-08 03:00:02'),
(211, 14, 'Thad Hegmann', 'Veniam debitis molestias debitis nisi omnis nam. Eligendi voluptates minus modi error non. Dolores ut unde tempora alias et optio sit explicabo. Fugiat aut voluptas saepe vel voluptas vel id.', 0, '2020-01-08 03:00:02', '2020-01-08 03:00:02'),
(212, 66, 'Alford Davis', 'Qui id a dolore nobis. Accusamus et debitis vitae molestiae tempore. Eveniet accusamus modi non ducimus. Blanditiis eos neque praesentium totam quia est.', 0, '2020-01-08 03:00:02', '2020-01-08 03:00:02');
INSERT INTO `reviews` (`id`, `product_id`, `customer`, `review`, `star`, `created_at`, `updated_at`) VALUES
(213, 37, 'Shawn Keeling II', 'Cumque voluptatibus ipsam doloremque ratione possimus modi veniam. Magni facere omnis voluptate facere doloribus. Officiis ipsa quo corrupti ipsam veritatis voluptates ex.', 5, '2020-01-08 03:00:02', '2020-01-08 03:00:02'),
(214, 79, 'Delphia Treutel', 'Ut fugit veniam nisi consequuntur ea voluptatem. Consequatur odit ipsum consequuntur odit aut. Soluta eius harum quos odio quae doloribus. Et dolorem qui repudiandae perferendis veniam. Sint architecto et voluptas aliquid deleniti quis.', 2, '2020-01-08 03:00:02', '2020-01-08 03:00:02'),
(215, 53, 'Muriel Swift', 'Corrupti iusto quasi vero provident omnis officia culpa. Provident excepturi et consequuntur neque aliquid tempore quae esse. Impedit deserunt amet ea nihil eveniet tenetur expedita.', 4, '2020-01-08 03:00:02', '2020-01-08 03:00:02'),
(216, 7, 'Roy Nader', 'Rerum laborum quos aspernatur odio error a distinctio. Quas quaerat in neque nihil et. Distinctio repellat non sequi soluta.', 1, '2020-01-08 03:00:02', '2020-01-08 03:00:02'),
(217, 49, 'Audra Gleichner Sr.', 'Atque et nostrum nihil doloribus quia aperiam. Amet id aut illo omnis voluptas non repellat. Rerum quia ut ducimus perspiciatis libero. Nihil nam architecto sed impedit ut et enim. Molestiae non at voluptatem tenetur quaerat velit.', 2, '2020-01-08 03:00:02', '2020-01-08 03:00:02'),
(218, 70, 'Kaleigh Bogisich', 'Impedit et quas nihil omnis explicabo voluptatibus. Et dolorum neque qui.', 2, '2020-01-08 03:00:02', '2020-01-08 03:00:02'),
(219, 60, 'Pansy Torphy', 'Eveniet distinctio nesciunt ut voluptatibus tempore eveniet sit. Asperiores esse exercitationem delectus officiis velit ea consectetur. Libero a et commodi cumque ipsam.', 2, '2020-01-08 03:00:02', '2020-01-08 03:00:02'),
(220, 48, 'Nya Gleason', 'Asperiores in commodi minus cumque excepturi. Ut repudiandae sit iste. Vero reprehenderit id reprehenderit ducimus earum sunt.', 2, '2020-01-08 03:00:02', '2020-01-08 03:00:02'),
(221, 18, 'Bettie Stamm IV', 'Quia vero rerum voluptas aut qui autem. Neque expedita ut tenetur porro pariatur. Nostrum quasi vitae voluptatum ex consequatur aut eligendi dolor. At placeat qui omnis nisi non dolores.', 1, '2020-01-08 03:00:02', '2020-01-08 03:00:02'),
(222, 38, 'Mrs. Margot Kub I', 'Et commodi necessitatibus animi dolores harum mollitia impedit veniam. Odit similique magnam illo sed nisi quaerat quia nobis.', 4, '2020-01-08 03:00:02', '2020-01-08 03:00:02'),
(223, 52, 'Gust Moen', 'Delectus commodi totam neque tempore dolorem mollitia. Sunt debitis et aut iste aliquid. Consequuntur non eum cupiditate error exercitationem consequatur nostrum. Quae voluptatibus voluptatibus debitis rerum debitis qui perspiciatis laboriosam.', 1, '2020-01-08 03:00:02', '2020-01-08 03:00:02'),
(224, 86, 'Miss Jeanne Franecki', 'Officiis omnis culpa sit omnis sapiente id. Doloribus dicta mollitia veniam dolor temporibus libero voluptatem laborum. Odit sed optio dolorem consequuntur voluptas laborum. Aut repellendus voluptatem qui non voluptatibus commodi et tempora.', 1, '2020-01-08 03:00:02', '2020-01-08 03:00:02'),
(225, 86, 'Mack Brakus', 'Architecto eius cum necessitatibus nesciunt aliquid deleniti. Sunt earum impedit et molestias nobis modi. Aliquid quo maxime dolores qui.', 2, '2020-01-08 03:00:02', '2020-01-08 03:00:02'),
(226, 14, 'Mrs. Bryana Conroy III', 'Omnis veniam provident qui magnam. Odit dicta et mollitia deleniti sit nihil cum. Incidunt doloremque modi distinctio.', 4, '2020-01-08 03:00:02', '2020-01-08 03:00:02'),
(227, 15, 'Samir Muller', 'Sit fugiat eligendi atque labore velit perspiciatis adipisci qui. Ea illum ut culpa error vel corporis aut magnam. Similique sit reprehenderit deserunt dolor. Eius quia sunt consequatur voluptatem animi qui ut.', 5, '2020-01-08 03:00:02', '2020-01-08 03:00:02'),
(228, 91, 'Dr. Cody Stark III', 'Mollitia enim ipsa dignissimos sint et aut. Ut porro illum quod omnis et id autem. Omnis dolor nihil nam.', 2, '2020-01-08 03:00:02', '2020-01-08 03:00:02'),
(229, 9, 'Kelsi Hackett', 'Dolor incidunt voluptate in ducimus dolor. Ut dolor quis autem possimus est eligendi debitis. Et ea eos inventore. Omnis quia repellat nihil autem ipsum.', 0, '2020-01-08 03:00:02', '2020-01-08 03:00:02'),
(230, 49, 'Iva Erdman', 'Sed aperiam cupiditate explicabo rerum sint fuga sint. Alias mollitia et et similique. Ea quia voluptatum sunt.', 2, '2020-01-08 03:00:02', '2020-01-08 03:00:02'),
(231, 41, 'Clifford Mueller', 'Aut sed explicabo quaerat incidunt aut. Laborum quia qui minima sunt magni atque dolorem. Aut veniam sunt vel eum sed odit voluptas.', 0, '2020-01-08 03:00:02', '2020-01-08 03:00:02'),
(232, 85, 'Dr. Chanel Ruecker Jr.', 'Veniam qui voluptatem qui voluptatem tenetur et temporibus. Autem accusamus eum unde corrupti et. Exercitationem labore molestiae libero voluptatem.', 4, '2020-01-08 03:00:02', '2020-01-08 03:00:02'),
(233, 58, 'Elizabeth Wilkinson', 'Eum saepe voluptates dolor sit id molestiae omnis. Repudiandae maxime eius vel eveniet facere pariatur. Quasi aspernatur tenetur dignissimos et praesentium praesentium pariatur. Dolores temporibus voluptatum sunt reiciendis itaque tenetur doloribus. Et qui iusto corrupti sapiente impedit dignissimos at.', 3, '2020-01-08 03:00:02', '2020-01-08 03:00:02'),
(234, 18, 'Rachael Simonis MD', 'Magnam architecto ad sed minima at quis voluptatem. Nihil vero consequuntur iure. Veniam quia eaque id vitae. At exercitationem eum assumenda quam a.', 0, '2020-01-08 03:00:02', '2020-01-08 03:00:02'),
(235, 76, 'Werner Parker', 'Nobis et adipisci quas culpa. Aut aut blanditiis quis ea est tempore. Quod atque ut consequatur similique doloribus. Eos voluptatibus harum veniam minus facere.', 3, '2020-01-08 03:00:02', '2020-01-08 03:00:02'),
(236, 94, 'Caitlyn Reinger', 'Libero rerum veniam veniam reiciendis voluptatem nihil. Aliquam et doloribus suscipit quam aspernatur. Aperiam aut asperiores eius id.', 5, '2020-01-08 03:00:02', '2020-01-08 03:00:02'),
(237, 3, 'Rosario Ritchie', 'Praesentium et deleniti et molestias. Eveniet iusto qui odit dolorem sunt enim vel. Est vel soluta inventore dicta commodi. Quasi nemo et qui qui. Delectus eligendi qui modi sequi qui.', 5, '2020-01-08 03:00:02', '2020-01-08 03:00:02'),
(238, 27, 'Prof. Geovany Reichert', 'Aspernatur molestias sint sed sit id. Corrupti et consequatur maiores maiores. Sint alias dolore illo autem accusantium illum occaecati. Quaerat vel quia nobis quisquam dignissimos quae.', 5, '2020-01-08 03:00:02', '2020-01-08 03:00:02'),
(239, 4, 'Miss Addie Erdman', 'Et aut veritatis qui fugiat dolorum. Alias modi explicabo quibusdam dolorum blanditiis aut magnam sunt. Vitae qui eos dolor voluptas non possimus distinctio sit.', 1, '2020-01-08 03:00:02', '2020-01-08 03:00:02'),
(240, 44, 'Rod O\'Conner IV', 'Modi est veniam porro fugiat. Sapiente dolor et placeat. Qui pariatur aliquam voluptas tempore et necessitatibus nostrum sunt. Quis amet at pariatur architecto.', 0, '2020-01-08 03:00:02', '2020-01-08 03:00:02'),
(241, 83, 'Cristal Larkin', 'Laudantium eveniet eius sint omnis suscipit. Odit quia eos dolores laudantium. Iusto nihil quae eligendi quo quibusdam distinctio quia. Excepturi sed qui at. Quam et omnis pariatur ut quod voluptatum.', 5, '2020-01-08 03:00:02', '2020-01-08 03:00:02'),
(242, 53, 'Mr. Monroe Weissnat', 'Aut ut et et velit aut explicabo provident. Aut commodi architecto ad nisi minima dignissimos. Quia sint tempore veniam ea et voluptatem.', 3, '2020-01-08 03:00:02', '2020-01-08 03:00:02'),
(243, 29, 'Dr. Cristian Terry DDS', 'Hic libero laudantium voluptatum. Esse qui ipsa atque eos suscipit vel. Rerum harum at error praesentium.', 1, '2020-01-08 03:00:02', '2020-01-08 03:00:02'),
(244, 1, 'Beatrice Stark', 'Deserunt voluptatem aut molestiae labore. Aspernatur sed qui et quisquam omnis cumque velit deserunt. Aut laudantium pariatur eum fuga.', 5, '2020-01-08 03:00:02', '2020-01-08 03:00:02'),
(245, 12, 'Reina Murazik', 'Veniam et et ut ut id. Dolorem necessitatibus molestiae aut et recusandae. Iure veniam provident nesciunt unde quae et. Veritatis sit modi dolores libero sit blanditiis.', 2, '2020-01-08 03:00:02', '2020-01-08 03:00:02'),
(246, 1, 'Nash D\'Amore', 'Nulla est consectetur dolorum modi nobis. Nemo molestiae mollitia eos velit ipsam repudiandae dignissimos. Vero nisi nesciunt provident reprehenderit sint rem debitis. Nihil nulla fugit ea nesciunt architecto qui corrupti.', 5, '2020-01-08 03:00:02', '2020-01-08 03:00:02'),
(247, 61, 'Rodrigo Lakin', 'Quia distinctio explicabo est vitae animi praesentium qui. In porro natus nesciunt consequatur aut deleniti sunt. Modi minima et nihil.', 3, '2020-01-08 03:00:02', '2020-01-08 03:00:02'),
(248, 24, 'Sean Green', 'Dignissimos quia a animi labore et. Nostrum labore et eveniet ut nisi. Sed temporibus sit dicta assumenda eum neque.', 5, '2020-01-08 03:00:02', '2020-01-08 03:00:02'),
(249, 74, 'Prof. Raphael Daugherty', 'Commodi rerum ut ut et. Unde numquam dolores natus quia sed ratione dolorum sint. Iure repellendus quod corporis voluptatem dolores.', 4, '2020-01-08 03:00:02', '2020-01-08 03:00:02'),
(250, 62, 'Fannie Gerhold', 'Tenetur sunt amet magni minima quisquam. Occaecati quo praesentium necessitatibus ut officia architecto rerum libero. Ipsum distinctio optio qui. Iste aut praesentium consequatur in ut quas laudantium.', 3, '2020-01-08 03:00:02', '2020-01-08 03:00:02'),
(251, 54, 'Prof. Karine Hermiston MD', 'Suscipit doloremque et quod. Quas distinctio odio repellendus minima et commodi. Quis vel nihil est corporis cumque libero. Nostrum rerum eius commodi laborum.', 0, '2020-01-08 03:00:02', '2020-01-08 03:00:02'),
(252, 77, 'Dr. Sofia Moen', 'Corporis cupiditate officiis cum ut nemo. Provident porro itaque qui in voluptatem. Explicabo consequuntur error qui distinctio harum.', 0, '2020-01-08 03:00:02', '2020-01-08 03:00:02'),
(253, 94, 'Ms. Olga Renner', 'Facilis porro totam in repellendus sint aut. Quia nostrum molestias qui molestiae beatae. Ea quisquam architecto quia voluptatibus a et quia asperiores. Eum dolorem est beatae eveniet qui consequuntur.', 0, '2020-01-08 03:00:02', '2020-01-08 03:00:02'),
(254, 88, 'Richard Gusikowski', 'Ut recusandae pariatur necessitatibus ad commodi. Dolor maiores error velit. Voluptatum et non doloremque aut est.', 0, '2020-01-08 03:00:02', '2020-01-08 03:00:02'),
(255, 91, 'Lue Pouros', 'Quis facilis veniam et mollitia. Praesentium harum alias vel nesciunt.', 1, '2020-01-08 03:00:02', '2020-01-08 03:00:02'),
(256, 47, 'Doug Kreiger', 'Nihil aliquam qui ut veritatis quae nesciunt ea quo. Magnam expedita excepturi et harum consequuntur nulla ipsam et. Corrupti illo in architecto minus omnis temporibus non. Dolor sunt ipsum aut consequatur enim nostrum. Sint ut qui necessitatibus.', 3, '2020-01-08 03:00:02', '2020-01-08 03:00:02'),
(257, 77, 'Dr. Annabell Littel MD', 'Reiciendis iusto rem maxime nostrum omnis. Qui sit molestias quia est dolorum. Vitae natus omnis fuga odio. Sint eaque cumque dignissimos inventore omnis sit.', 3, '2020-01-08 03:00:02', '2020-01-08 03:00:02'),
(258, 96, 'Miss Elizabeth Rosenbaum DVM', 'Vel unde porro odit sunt consequatur. Eveniet tenetur est sapiente culpa error sunt rerum enim.', 4, '2020-01-08 03:00:02', '2020-01-08 03:00:02'),
(259, 91, 'Dr. Tyreek Stiedemann IV', 'Eaque explicabo consequatur vel labore itaque incidunt nihil impedit. Laudantium qui quaerat omnis consequuntur commodi. Et fugit quia vel aspernatur dolor. Voluptas nesciunt non impedit amet sed consequatur.', 4, '2020-01-08 03:00:02', '2020-01-08 03:00:02'),
(260, 66, 'Demario Dibbert', 'Nihil perferendis sit illum molestiae natus aspernatur minus. Laboriosam fuga deserunt labore ut dicta. Id eaque illum laudantium nulla molestias facilis. Quasi soluta eveniet temporibus sapiente illo quas optio. Natus ullam nihil dolorum ipsum eligendi vitae.', 1, '2020-01-08 03:00:02', '2020-01-08 03:00:02'),
(261, 1, 'Prof. Wava Moen IV', 'Nulla consequuntur sapiente atque non eos fuga dolor sequi. Dolorum pariatur pariatur itaque nihil sed qui. Optio possimus fugit ut nihil vero. Placeat ipsa est ea corrupti iste consectetur consequatur dicta. Vero nam nemo qui rerum.', 5, '2020-01-08 03:00:02', '2020-01-08 03:00:02'),
(262, 23, 'Mr. Dewitt McGlynn', 'Corrupti eos optio ducimus esse. Nemo et ipsa fugiat voluptas beatae repellat. Sapiente adipisci excepturi accusamus aspernatur consequatur quidem omnis et. Molestiae in magni error dicta dolore ipsam quia.', 5, '2020-01-08 03:00:02', '2020-01-08 03:00:02'),
(263, 49, 'Ms. Precious Emard', 'Et eligendi quo aut eos minus. Qui aliquam libero illum magni eaque perferendis laboriosam non. Culpa ut corrupti sed porro. A asperiores voluptas sequi praesentium culpa.', 3, '2020-01-08 03:00:02', '2020-01-08 03:00:02'),
(264, 7, 'Prof. Rafael Thiel', 'Commodi repudiandae delectus eius doloribus sit. Harum aliquid sunt deserunt molestiae iusto nisi voluptate. Quas eos nemo neque libero quos quisquam beatae. Est et enim sint quia est quo itaque.', 3, '2020-01-08 03:00:02', '2020-01-08 03:00:02'),
(265, 84, 'Mariane Pfannerstill', 'Quo et libero qui qui debitis. Beatae quo voluptas architecto provident quo voluptatem velit. Distinctio neque et porro unde sit voluptas. Ut itaque est omnis est repellat.', 5, '2020-01-08 03:00:02', '2020-01-08 03:00:02'),
(266, 70, 'Mr. Nicklaus Blanda', 'Aut qui fuga repellat aliquid rerum hic qui enim. Quia perspiciatis quis molestias rerum ducimus aliquid neque. Saepe consequuntur quo vero. Et velit quasi officia ut et.', 3, '2020-01-08 03:00:02', '2020-01-08 03:00:02'),
(267, 25, 'Meredith Berge', 'Corporis omnis neque et. Facere eligendi ut ut molestias.', 1, '2020-01-08 03:00:02', '2020-01-08 03:00:02'),
(268, 99, 'Jed Kreiger', 'Repellendus optio velit qui architecto quasi et culpa. Natus beatae voluptatem enim et. Sapiente sequi illo alias quae eum impedit. Totam hic deserunt quam inventore consequuntur.', 3, '2020-01-08 03:00:02', '2020-01-08 03:00:02'),
(269, 93, 'Marcelina Fay', 'Nihil alias reprehenderit voluptatem quod quis. Esse consequatur sunt aut nemo. Aspernatur ea sed libero qui.', 1, '2020-01-08 03:00:02', '2020-01-08 03:00:02'),
(270, 2, 'Zula Gusikowski MD', 'Fugiat dolores minima in repellendus. Eos doloremque eius maiores. Minus voluptatem magni ad sint.', 4, '2020-01-08 03:00:02', '2020-01-08 03:00:02'),
(271, 18, 'Prof. Santiago Corwin Sr.', 'Culpa ipsam perferendis quam. Ipsam ut ex dignissimos sint dolorem sed. Esse est repellendus quia eum harum aliquam. Qui illum consectetur impedit neque ipsa quo.', 1, '2020-01-08 03:00:02', '2020-01-08 03:00:02'),
(272, 73, 'Sarina Weissnat', 'Qui maiores sequi corrupti et. Repellendus dolor minima et voluptatem. Ab eius voluptatibus magnam. Fuga incidunt temporibus nihil voluptas labore quae. Alias dolorum asperiores sit quos officiis quis.', 3, '2020-01-08 03:00:02', '2020-01-08 03:00:02'),
(273, 76, 'Anabel Bechtelar', 'Illum dolorum quo dolorem sint. Sapiente ab assumenda ex voluptas blanditiis.', 3, '2020-01-08 03:00:02', '2020-01-08 03:00:02'),
(274, 81, 'Jazmyn Ankunding', 'Aliquam vel consequatur facilis facere. Quas quasi quis rerum eum. Ut omnis est sint voluptatum repellendus quae consequatur. Deleniti sed quis sapiente quia ratione.', 0, '2020-01-08 03:00:02', '2020-01-08 03:00:02'),
(275, 70, 'Nicolas Mayer', 'Sed harum vel facere fugit. Repellat fugit accusantium laboriosam est ipsum voluptas incidunt. Incidunt quaerat sequi est est aut. Non eum dolores iure consequatur deserunt. Sequi possimus qui nobis soluta.', 3, '2020-01-08 03:00:02', '2020-01-08 03:00:02'),
(276, 19, 'Megane Yundt', 'Quo unde ad harum totam tempore voluptate eum. Id omnis molestiae quis numquam tempore voluptas. Cumque eius dolorem vel magnam.', 4, '2020-01-08 03:00:02', '2020-01-08 03:00:02'),
(277, 35, 'Uriah Abernathy', 'Molestiae non iste esse consequatur ut. Nobis id explicabo praesentium quasi ipsam ut. Possimus rerum doloribus sunt modi. Beatae vel officiis minus quis qui esse velit.', 2, '2020-01-08 03:00:02', '2020-01-08 03:00:02'),
(278, 21, 'Prof. Daphney Schowalter II', 'Quae eum deleniti consequuntur placeat sunt culpa. Qui dolorem voluptatibus et. Asperiores quis voluptas itaque omnis rerum omnis est.', 4, '2020-01-08 03:00:02', '2020-01-08 03:00:02'),
(279, 22, 'Hilario Rowe', 'Et alias recusandae ipsa esse. Similique harum ullam sapiente repellat. Rerum laudantium culpa sapiente eos mollitia assumenda. Vel et omnis sed omnis ipsa.', 4, '2020-01-08 03:00:02', '2020-01-08 03:00:02'),
(280, 57, 'Demetrius Stokes', 'Et pariatur excepturi earum voluptatibus dolores impedit nostrum. Voluptatem unde maiores modi sit. Dolor optio cumque quo aut sed.', 3, '2020-01-08 03:00:02', '2020-01-08 03:00:02'),
(281, 81, 'Norbert O\'Connell', 'Tempore eaque iste voluptatum. Repudiandae autem totam voluptates repellendus odio inventore eligendi. Harum sint non dolorem doloribus. Voluptatem quia repellat minima aut optio explicabo consequatur repellendus.', 2, '2020-01-08 03:00:02', '2020-01-08 03:00:02'),
(282, 29, 'Noah Rath', 'Voluptas id excepturi nobis fuga maiores nobis ratione. Qui qui similique doloremque fugiat placeat. Animi est aperiam delectus officiis dolor.', 4, '2020-01-08 03:00:02', '2020-01-08 03:00:02'),
(283, 54, 'Novella Maggio', 'Cumque quo nobis et officia amet provident qui. Natus saepe voluptas est qui ab eligendi consequuntur. Illum veniam autem non voluptatibus explicabo aut consequatur. Debitis explicabo nostrum in vero vitae sit. Eos laudantium facilis deserunt consectetur asperiores ex.', 2, '2020-01-08 03:00:02', '2020-01-08 03:00:02'),
(284, 79, 'Marquis Kub DDS', 'Officia soluta nam qui similique tempora. Doloribus est natus maiores eligendi. Quo ipsa est dolor magni architecto odio vel aut.', 4, '2020-01-08 03:00:02', '2020-01-08 03:00:02'),
(285, 74, 'Madelynn Jones', 'Quia neque assumenda minus architecto iste mollitia. Similique suscipit quae aut ab voluptas mollitia ipsa. Autem accusamus corrupti veniam ad ipsa.', 3, '2020-01-08 03:00:02', '2020-01-08 03:00:02'),
(286, 52, 'Boyd Emmerich', 'Ea ullam repellendus ullam ipsum aliquid odio. Voluptas quidem porro non autem. Nobis excepturi voluptatem eos nobis totam. Asperiores sed odit consequatur.', 5, '2020-01-08 03:00:02', '2020-01-08 03:00:02'),
(287, 83, 'Prof. Eldon Legros PhD', 'Ad delectus porro id quia. Eos omnis vel est deserunt cupiditate temporibus odit. Repellat doloribus amet hic dolor consequatur et. Libero incidunt inventore molestias assumenda aliquam laboriosam dolorum.', 5, '2020-01-08 03:00:02', '2020-01-08 03:00:02'),
(288, 10, 'Nick DuBuque', 'Consectetur sint asperiores ullam magnam cum debitis sapiente illo. Commodi quos officia voluptatem est. Porro ut nihil quibusdam.', 3, '2020-01-08 03:00:02', '2020-01-08 03:00:02'),
(289, 17, 'Judge Hammes IV', 'Ea porro repellendus assumenda dolores officiis ut. Temporibus et neque nihil eius consectetur placeat. Ipsam magnam quia maxime nemo id ut. Minus amet in cumque quasi. Dolores eius quia quasi est.', 5, '2020-01-08 03:00:02', '2020-01-08 03:00:02'),
(290, 69, 'Mrs. Kellie Reinger DVM', 'Harum distinctio voluptatem expedita et ea fugit placeat. Ipsa et repudiandae minus voluptas suscipit voluptatem. Voluptatem vitae unde et officiis reiciendis non sunt. Iusto voluptas voluptatibus vero accusamus vel ea.', 3, '2020-01-08 03:00:02', '2020-01-08 03:00:02'),
(291, 77, 'Miss Imogene Bergnaum IV', 'Repellat est fuga amet id qui eveniet labore. Optio dolores quia laudantium vitae et aperiam voluptates. Accusamus voluptatum animi ducimus debitis placeat. Aspernatur ex facere aperiam. Ipsam nam quo cupiditate.', 2, '2020-01-08 03:00:02', '2020-01-08 03:00:02'),
(292, 54, 'Trycia Kris', 'Dolore vel in qui distinctio. Fugiat labore corporis ducimus quod hic esse. Quibusdam recusandae iure ut id.', 0, '2020-01-08 03:00:02', '2020-01-08 03:00:02'),
(293, 95, 'Prof. Loren Huels', 'Quos fugit sunt accusamus voluptate minima quibusdam et. Commodi qui molestias inventore voluptates. Numquam possimus qui a earum atque aut.', 2, '2020-01-08 03:00:02', '2020-01-08 03:00:02'),
(294, 68, 'Melvina Sawayn II', 'Sed aliquid praesentium ducimus perferendis nulla. Aliquid voluptatibus et quam dolor ab. Consequatur voluptate voluptas numquam labore aperiam ullam. Laboriosam facilis dolor ratione vel labore aut mollitia eveniet.', 0, '2020-01-08 03:00:02', '2020-01-08 03:00:02'),
(295, 60, 'Ms. Celestine Weimann MD', 'Vero odit iste numquam voluptas non. Ad minima est molestiae at sunt aliquam dolore eveniet.', 1, '2020-01-08 03:00:02', '2020-01-08 03:00:02'),
(296, 6, 'Prof. Claudine Gutkowski Sr.', 'Commodi et facilis quae ut quia eius voluptatem. Est illum sed provident velit. Voluptatem placeat et officia dolores.', 5, '2020-01-08 03:00:02', '2020-01-08 03:00:02'),
(297, 40, 'Beaulah O\'Conner', 'Quod sunt temporibus dolorem odit. Accusantium vel quia est tenetur id sed eum omnis. Cum nemo ut consequatur ea consequatur assumenda animi.', 5, '2020-01-08 03:00:02', '2020-01-08 03:00:02'),
(298, 68, 'Charlene Torp', 'Nostrum voluptas sunt aut temporibus. Odio illum quos sit qui. Perferendis distinctio odit voluptas esse incidunt tempora. In praesentium ducimus cum eos assumenda occaecati voluptates.', 5, '2020-01-08 03:00:02', '2020-01-08 03:00:02'),
(299, 90, 'Mrs. Laisha Stiedemann MD', 'Rem labore dolore laborum. Qui labore eos consequatur autem sit praesentium aut. Officia ut velit quas molestiae beatae ullam quaerat optio. Molestias nihil facilis est iusto earum similique dolores.', 2, '2020-01-08 03:00:02', '2020-01-08 03:00:02'),
(300, 46, 'Laron Cassin', 'Odit voluptatem exercitationem aut a sint magnam. Aliquam et eveniet nihil illo asperiores. Ab non quos eos nisi. Necessitatibus dolor unde vel est odit officiis quaerat.', 2, '2020-01-08 03:00:02', '2020-01-08 03:00:02');

-- --------------------------------------------------------

--
-- Table structure for table `users`
--

CREATE TABLE `users` (
  `id` bigint(20) UNSIGNED NOT NULL,
  `name` varchar(255) COLLATE utf8mb4_unicode_ci NOT NULL,
  `email` varchar(255) COLLATE utf8mb4_unicode_ci NOT NULL,
  `email_verified_at` timestamp NULL DEFAULT NULL,
  `password` varchar(255) COLLATE utf8mb4_unicode_ci NOT NULL,
  `remember_token` varchar(100) COLLATE utf8mb4_unicode_ci DEFAULT NULL,
  `created_at` timestamp NULL DEFAULT NULL,
  `updated_at` timestamp NULL DEFAULT NULL
) ENGINE=InnoDB DEFAULT CHARSET=utf8mb4 COLLATE=utf8mb4_unicode_ci;

--
-- Indexes for dumped tables
--

--
-- Indexes for table `failed_jobs`
--
ALTER TABLE `failed_jobs`
  ADD PRIMARY KEY (`id`);

--
-- Indexes for table `migrations`
--
ALTER TABLE `migrations`
  ADD PRIMARY KEY (`id`);

--
-- Indexes for table `password_resets`
--
ALTER TABLE `password_resets`
  ADD KEY `password_resets_email_index` (`email`);

--
-- Indexes for table `products`
--
ALTER TABLE `products`
  ADD PRIMARY KEY (`id`);

--
-- Indexes for table `reviews`
--
ALTER TABLE `reviews`
  ADD PRIMARY KEY (`id`),
  ADD KEY `reviews_product_id_index` (`product_id`);

--
-- Indexes for table `users`
--
ALTER TABLE `users`
  ADD PRIMARY KEY (`id`),
  ADD UNIQUE KEY `users_email_unique` (`email`);

--
-- AUTO_INCREMENT for dumped tables
--

--
-- AUTO_INCREMENT for table `failed_jobs`
--
ALTER TABLE `failed_jobs`
  MODIFY `id` bigint(20) UNSIGNED NOT NULL AUTO_INCREMENT;

--
-- AUTO_INCREMENT for table `migrations`
--
ALTER TABLE `migrations`
  MODIFY `id` int(10) UNSIGNED NOT NULL AUTO_INCREMENT, AUTO_INCREMENT=6;

--
-- AUTO_INCREMENT for table `products`
--
ALTER TABLE `products`
  MODIFY `id` int(10) UNSIGNED NOT NULL AUTO_INCREMENT, AUTO_INCREMENT=101;

--
-- AUTO_INCREMENT for table `reviews`
--
ALTER TABLE `reviews`
  MODIFY `id` int(10) UNSIGNED NOT NULL AUTO_INCREMENT, AUTO_INCREMENT=301;

--
-- AUTO_INCREMENT for table `users`
--
ALTER TABLE `users`
  MODIFY `id` bigint(20) UNSIGNED NOT NULL AUTO_INCREMENT;

--
-- Constraints for dumped tables
--

--
-- Constraints for table `reviews`
--
ALTER TABLE `reviews`
  ADD CONSTRAINT `reviews_product_id_foreign` FOREIGN KEY (`product_id`) REFERENCES `products` (`id`) ON DELETE CASCADE;
COMMIT;

/*!40101 SET CHARACTER_SET_CLIENT=@OLD_CHARACTER_SET_CLIENT */;
/*!40101 SET CHARACTER_SET_RESULTS=@OLD_CHARACTER_SET_RESULTS */;
/*!40101 SET COLLATION_CONNECTION=@OLD_COLLATION_CONNECTION */;
